airport,day_start,day_end,min_start,min_end,n_flights,capacity_reduction_mean
EBBR,0,0,1020,1140,27,0.5365990990990991
EBBR,1,1,360,420,25,0.138157894736842
EBBR,2,2,1020,1160,30,0.4818840579710144
EBBR,3,3,1020,1120,15,0.6470588235294118
EBBR,4,4,720,900,13,0.71875
EBBR,5,5,700,950,18,0.8158333333333333
EBBR,6,6,340,480,35,0.8434343434343434
EBBR,7,7,780,900,2,0.7013888888888888
EBBR,8,8,340,500,46,0.2489754098360655
EBBR,8,8,1020,1170,29,0.5037878787878788
EBBR,9,9,960,1140,21,0.7664141414141414
EBBR,10,10,340,500,46,0.4689327485380117
EBBR,11,11,1020,1120,20,0.4831989247311828
EBBR,10,10,1020,1120,18,0.6618589743589743
EBBR,11,11,340,500,39,0.4223163841807909
EBBR,12,12,1020,1140,18,0.639423076923077
EBBR,12,12,360,720,104,0.2278735632183908
EBBR,13,13,1020,1120,44,0.3083333333333333
EBBR,14,14,960,1160,33,0.7717013888888888
EBBR,15,15,360,480,32,0.1030701754385964
EDDF,16,16,760,800,32,0.6039393939393939
EDDF,16,16,1020,1200,65,0.5842507645259938
EDDF,16,16,1000,1020,65,0.5842507645259938
EDDF,16,16,920,940,65,0.5842507645259938
EDDF,16,16,940,1000,65,0.5842507645259938
EDDF,16,16,800,913,32,0.6039393939393939
EDDF,16,16,540,660,12,0.6866666666666668
EDDF,17,17,751,840,169,0.6550644567219153
EDDF,17,17,1060,1153,169,0.6550644567219153
EDDF,17,17,930,1060,169,0.6550644567219153
EDDF,17,17,840,900,169,0.6550644567219153
EDDF,17,17,640,751,169,0.6550644567219153
EDDF,17,17,390,470,45,0.5347701149425287
EDDF,17,17,900,930,169,0.6550644567219153
EDDF,18,18,780,880,22,0.5091666666666667
EDDF,17,17,470,512,45,0.5347701149425287
EDDF,4,4,600,887,82,0.6743243243243243
EDDF,19,19,270,280,6,0.7138888888888888
EDDF,19,19,500,520,26,0.6137037037037038
EDDF,19,19,520,646,26,0.6137037037037038
EDDF,20,20,720,760,185,0.5270731707317073
EDDF,20,20,960,1080,185,0.5270731707317073
EDDF,15,15,980,1166,99,0.5687134502923977
EDDF,20,20,1080,1260,185,0.5270731707317073
EDDF,20,20,760,960,185,0.5270731707317073
EDDF,19,19,300,360,14,0.75
EDDF,19,19,360,420,14,0.75
EDDL,23,23,1160,1260,22,0.4406926406926407
EDDL,0,0,1140,1260,23,0.3484848484848485
EDDL,0,0,480,520,13,0.7101449275362319
EDDL,0,0,380,480,13,0.7101449275362319
EDDL,2,2,1140,1260,20,0.6153846153846153
EDDL,2,2,660,760,9,0.696969696969697
EDDL,17,17,1140,1160,63,0.5292207792207793
EDDL,18,18,480,520,22,0.5161964472309301
EDDL,18,18,1160,1260,10,0.3203463203463204
EDDL,17,17,420,500,48,0.5427807486631017
EDDL,17,17,500,660,48,0.5427807486631017
EDDL,17,17,820,1140,63,0.5292207792207793
EDDL,18,18,400,480,22,0.5161964472309301
EDDL,17,17,1160,1260,63,0.5292207792207793
EDDL,24,24,1140,1260,37,0.2795883361921097
EDDL,3,3,1160,1280,25,0.3144963144963145
EDDL,24,24,420,520,22,0.5067920585161965
EDDL,4,4,1080,1100,24,0.4125874125874126
EDDL,4,4,920,1080,24,0.4125874125874126
EDDL,4,4,620,700,5,0.4882154882154882
EDDL,6,6,1160,1260,24,0.1253071253071253
EDDL,25,25,480,500,8,-0.0894660894660893
EDDL,25,25,420,480,8,-0.0894660894660893
EDDL,9,9,1160,1260,25,0.0930735930735931
EDDL,8,8,840,900,16,0.4416666666666666
EDDL,8,8,1140,1260,30,0.1666666666666666
EDDL,8,8,900,960,16,0.4416666666666666
EDDL,8,8,420,480,22,0.2345679012345679
EDDL,8,8,480,510,22,0.2345679012345679
EDDL,26,26,1140,1260,20,0.4090909090909091
EDDL,19,19,1140,1260,38,0.2141873278236914
EDDL,26,26,440,520,8,0.2344497607655502
EDDL,26,26,880,1100,35,0.6232782369146006
EDDL,11,11,1160,1260,19,0.3565656565656565
EDDL,10,10,400,500,17,0.5830721003134796
EDDL,11,11,480,520,19,0.2878787878787879
EDDL,11,11,420,480,19,0.2878787878787879
EDDL,12,12,1020,1140,23,0.7282502443792767
EDDL,12,12,480,520,9,0.4450757575757575
EDDL,21,21,1140,1260,31,0.2957839262187088
EDDL,12,12,1140,1260,30,0.3680555555555555
EDDL,12,12,420,480,9,0.4450757575757575
EDDL,22,22,420,480,11,0.5286195286195285
EDDL,22,22,1000,1100,8,0.5494949494949495
EDDL,22,22,1140,1280,24,0.5662337662337662
EDDL,13,13,1140,1260,42,0.4814271749755621
EDDL,20,20,900,1000,9,0.2153110047846889
EDDL,20,20,1160,1260,15,0.3663911845730027
EDDM,1,1,930,1040,13,0.4478553406223717
EDDM,17,17,1110,1121,5,0.3879310344827586
EDDM,17,17,660,820,28,0.690121155638397
EDDM,4,4,480,540,38,0.6128822381262199
EDDM,4,4,420,480,38,0.6128822381262199
EDDM,4,4,540,560,38,0.6128822381262199
EDDM,9,9,260,364,34,0.3543653705062362
EDDM,19,19,660,780,172,0.8070394854386279
EDDM,19,19,915,1020,172,0.8070394854386279
EDDM,19,19,780,915,172,0.8070394854386279
EDDM,19,19,1020,1101,172,0.8070394854386279
EDDM,27,27,860,914,5,0.6517241379310345
EDDM,13,13,680,840,65,0.5524137931034483
EDDM,15,15,1080,1100,52,0.7601330913490624
EDDM,20,20,990,1040,74,0.4922510654784967
EDDM,15,15,1100,1170,52,0.7601330913490624
EDDM,15,15,1020,1080,52,0.7601330913490624
EDDM,15,15,1170,1260,52,0.7601330913490624
EDDM,20,20,1040,1111,74,0.4922510654784967
EDDM,20,20,900,990,74,0.4922510654784967
EGCC,6,6,720,775,10,0.5729166666666667
EGCC,8,8,360,419,9,0.444078947368421
EGKK,0,0,700,782,28,0.2702169625246548
EGKK,23,23,340,425,29,0.4241758241758241
EGKK,0,0,1310,1358,19,0.4965034965034964
EGKK,0,0,340,493,38,0.3367346938775509
EGKK,23,23,980,1096,27,0.3974358974358974
EGKK,2,2,330,443,52,0.5331061343719571
EGKK,1,1,1300,1374,59,0.8783936651583711
EGKK,1,1,360,500,29,0.2652859960552268
EGKK,1,1,660,768,22,0.56575682382134
EGKK,1,1,1240,1300,59,0.8783936651583711
EGKK,2,2,920,1075,137,0.5083612040133779
EGKK,2,2,1075,1176,137,0.5083612040133779
EGKK,16,16,640,920,70,0.3076923076923077
EGKK,1,1,880,1170,62,0.4027409372236958
EGKK,2,2,315,330,52,0.5331061343719571
EGKK,16,16,360,440,20,0.3636363636363636
EGKK,2,2,700,920,137,0.5083612040133779
EGKK,17,17,700,1196,245,0.3871374527112232
EGKK,18,18,640,900,37,0.5972423802612482
EGKK,17,17,360,535,30,0.2895500725689404
EGKK,18,18,960,1130,54,0.1633136094674556
EGKK,24,24,1160,1380,52,0.6441025641025641
EGKK,24,24,1090,1160,52,0.6441025641025641
EGKK,24,24,360,457,131,0.4369230769230769
EGKK,3,3,360,434,178,0.4196104324859689
EGKK,3,3,960,1065,17,0.5659340659340659
EGKK,5,5,1300,1340,13,0.5180995475113123
EGKK,5,5,585,680,157,0.3341880341880342
EGKK,5,5,680,720,157,0.3341880341880342
EGKK,5,5,720,980,157,0.3341880341880342
EGKK,5,5,360,520,157,0.3341880341880342
EGKK,5,5,980,1108,157,0.3341880341880342
EGKK,5,5,520,585,157,0.3341880341880342
EGKK,5,5,1340,1354,13,0.5180995475113123
EGKK,25,25,1040,1160,205,0.3646506165590135
EGKK,25,25,1020,1040,205,0.3646506165590135
EGKK,6,6,1020,1200,38,0.3638461538461539
EGKK,6,6,360,506,32,0.1887298747763864
EGKK,25,25,540,820,205,0.3646506165590135
EGKK,7,7,360,401,174,0.2048697270471464
EGKK,25,25,820,1020,205,0.3646506165590135
EGKK,25,25,1160,1295,205,0.3646506165590135
EGKK,6,6,560,843,167,0.1317438217890706
EGKK,7,7,700,875,21,0.3997668997668998
EGKK,25,25,360,463,21,0.2221153846153845
EGKK,8,8,560,771,123,0.2595604395604395
EGKK,9,9,1320,1380,21,-0.0626373626373626
EGKK,8,8,360,495,31,0.1844405594405594
EGKK,8,8,1320,1371,165,0.791898922333705
EGKK,9,9,1080,1090,9,0.2105263157894736
EGKK,9,9,1260,1320,21,-0.0626373626373626
EGKK,9,9,360,530,305,0.4817165593027662
EGKK,26,26,1260,1380,19,0.3868778280542986
EGKK,26,26,360,457,24,0.1401985111662531
EGKK,26,26,720,911,332,0.1889712696941613
EGKK,19,19,1320,1376,265,0.2920602789023841
EGKK,19,19,640,761,19,0.432051282051282
EGKK,19,19,980,1110,265,0.2920602789023841
EGKK,19,19,1110,1320,265,0.2920602789023841
EGKK,26,26,980,1178,26,0.6008547008547008
EGKK,19,19,360,480,19,0.0604395604395604
EGKK,10,10,360,500,21,0.2827442827442827
EGKK,11,11,1350,1423,26,0.7481389578163772
EGKK,10,10,1320,1376,4,0.5528846153846154
EGKK,27,27,390,468,262,0.0237388724035608
EGKK,27,27,680,860,48,0.5520361990950227
EGKK,10,10,560,840,117,0.0821559392987964
EGKK,11,11,340,500,135,0.3567639257294429
EGKK,11,11,500,1072,135,0.3567639257294429
EGKK,27,27,340,390,262,0.0237388724035608
EGKK,10,10,980,1149,33,0.2967853042479907
EGKK,11,11,1320,1350,26,0.7481389578163772
EGKK,21,21,1240,1257,112,0.3375796178343949
EGKK,21,21,360,516,110,0.8324592074592074
EGKK,10,10,1306,1345,2,0.4038461538461538
EGKK,12,12,960,1240,56,0.4460702341137124
EGKK,21,21,980,1125,32,0.2313895781637717
EGKK,12,12,700,774,26,0.272079772079772
EGKK,21,21,780,837,6,0.4285714285714285
EGKK,12,12,1320,1380,56,0.4460702341137124
EGKK,12,12,1240,1320,56,0.4460702341137124
EGKK,12,12,360,450,261,0.5558069381598794
EGKK,22,22,360,387,13,0.2508361204013377
EGKK,13,13,700,1093,296,0.1962172442941673
EGKK,22,22,1000,1038,82,0.014839491217444
EGKK,22,22,860,940,82,0.014839491217444
EGKK,22,22,940,1000,82,0.014839491217444
EGKK,13,13,360,456,15,0.5769230769230769
EGKK,22,22,540,775,53,0.4102564102564102
EGKK,14,14,1320,1354,15,0.4457013574660633
EGKK,15,15,600,807,55,0.51994301994302
EGKK,15,15,540,600,55,0.51994301994302
EGKK,14,14,360,442,22,0.2125506072874494
EGKK,20,20,340,511,58,-0.299908424908425
EGKK,14,14,940,1076,19,0.1178660049627792
EGKK,20,20,1300,1400,19,0.092948717948718
EGKK,20,20,580,739,44,0.4176788124156545
EGKK,20,20,765,965,118,0.3548140601120734
EGKK,14,14,580,837,45,0.3298076923076923
EGKK,20,20,965,1147,118,0.3548140601120734
EGLL,23,23,960,1152,64,0.4202898550724637
EGLL,2,2,1020,1166,149,0.5191562634524322
EGLL,17,17,490,633,70,0.5356805293005671
EGLL,17,17,340,490,70,0.5356805293005671
EGLL,3,3,1040,1164,31,0.5417391304347826
EGLL,4,4,1000,1149,52,0.6037549407114625
EGLL,25,25,1040,1174,31,0.586031452358927
EGLL,25,25,480,640,25,0.6900910010111224
EGLL,9,9,1040,1200,46,0.5254237288135594
EGLL,19,19,320,620,63,0.5239574090505768
EGLL,26,26,340,457,285,0.5488978199975643
EGLL,11,11,900,1080,93,0.5180124223602485
EGLL,11,11,1080,1222,93,0.5180124223602485
EGLL,10,10,320,850,307,0.4643106254359451
EGLL,10,10,850,1120,307,0.4643106254359451
EGLL,10,10,1120,1229,307,0.4643106254359451
EGLL,21,21,360,390,23,0.4571256038647343
EGLL,12,12,440,626,61,0.5758738277919864
EGLL,12,12,300,440,61,0.5758738277919864
EGLL,12,12,800,1082,257,0.5895459472479826
EGLL,22,22,820,980,37,0.6753155680224403
EGLL,20,20,340,420,174,0.4260869565217391
EGLL,14,14,300,527,71,0.5341993637327678
EGLL,20,20,420,480,174,0.4260869565217391
EGLL,15,15,340,437,33,0.530667701863354
EGLL,20,20,480,560,2,0.4782608695652174
EGSS,27,27,340,351,14,0.4705882352941176
EGSS,10,10,583,804,20,0.7470414201183432
EGSS,12,12,340,420,36,0.2982905982905983
EGSS,21,21,1240,1420,22,0.6119909502262444
EGSS,12,12,420,478,36,0.2982905982905983
EGSS,13,13,1280,1381,25,0.099067599067599
EGSS,22,22,360,433,17,-0.1993006993006993
EHAM,0,0,520,560,99,0.4195501730103806
EHAM,23,23,560,640,122,0.5855377654020187
EHAM,23,23,640,680,122,0.5855377654020187
EHAM,23,23,520,560,122,0.5855377654020187
EHAM,23,23,680,760,122,0.5855377654020187
EHAM,23,23,980,1080,57,0.5449234488315874
EHAM,23,23,420,520,122,0.5855377654020187
EHAM,0,0,420,520,99,0.4195501730103806
EHAM,0,0,320,420,99,0.4195501730103806
EHAM,16,16,280,320,55,0.5347222222222223
EHAM,2,2,830,920,80,0.6264282691493863
EHAM,16,16,320,420,55,0.5347222222222223
EHAM,2,2,760,830,80,0.6264282691493863
EHAM,1,1,520,540,31,0.4395424836601306
EHAM,1,1,940,1080,60,0.5401214833759591
EHAM,2,2,320,420,80,0.2853525516166732
EHAM,2,2,260,320,80,0.2853525516166732
EHAM,1,1,480,520,31,0.4395424836601306
EHAM,2,2,980,1080,54,0.1898567119155354
EHAM,18,18,280,320,255,0.4323529411764705
EHAM,18,18,640,680,255,0.4323529411764705
EHAM,17,17,860,920,120,0.700644641418211
EHAM,17,17,320,420,81,0.4386409736308317
EHAM,18,18,560,640,255,0.4323529411764705
EHAM,17,17,280,320,81,0.4386409736308317
EHAM,18,18,680,760,255,0.4323529411764705
EHAM,17,17,790,860,120,0.700644641418211
EHAM,18,18,320,420,255,0.4323529411764705
EHAM,17,17,680,790,120,0.700644641418211
EHAM,18,18,520,560,255,0.4323529411764705
EHAM,18,18,420,520,255,0.4323529411764705
EHAM,3,3,640,680,103,0.6965073529411764
EHAM,3,3,980,1060,100,0.9457107843137256
EHAM,24,24,750,830,207,0.4832396193771626
EHAM,3,3,780,830,42,0.2467914438502673
EHAM,24,24,420,510,207,0.4832396193771626
EHAM,24,24,280,320,207,0.4832396193771626
EHAM,24,24,630,680,207,0.4832396193771626
EHAM,24,24,510,560,207,0.4832396193771626
EHAM,24,24,320,420,207,0.4832396193771626
EHAM,24,24,680,750,207,0.4832396193771626
EHAM,24,24,980,1080,88,0.1839402427637721
EHAM,3,3,830,900,42,0.2467914438502673
EHAM,24,24,560,630,207,0.4832396193771626
EHAM,3,3,420,500,103,0.6965073529411764
EHAM,3,3,560,640,103,0.6965073529411764
EHAM,3,3,500,560,103,0.6965073529411764
EHAM,5,5,520,560,139,0.0372683319903303
EHAM,4,4,780,840,74,0.4996967859308672
EHAM,5,5,420,520,139,0.0372683319903303
EHAM,5,5,560,578,139,0.0372683319903303
EHAM,5,5,340,420,139,0.0372683319903303
EHAM,6,6,560,640,210,0.5011277517141826
EHAM,25,25,320,420,251,0.4408783783783783
EHAM,25,25,1080,1210,49,0.6378676470588235
EHAM,25,25,520,560,251,0.4408783783783783
EHAM,25,25,280,320,251,0.4408783783783783
EHAM,25,25,680,760,251,0.4408783783783783
EHAM,6,6,960,1080,63,0.4316418875242404
EHAM,6,6,280,320,210,0.5011277517141826
EHAM,25,25,760,830,251,0.4408783783783783
EHAM,25,25,560,640,251,0.4408783783783783
EHAM,6,6,640,680,210,0.5011277517141826
EHAM,25,25,1210,1230,49,0.6378676470588235
EHAM,6,6,320,420,210,0.5011277517141826
EHAM,6,6,420,520,210,0.5011277517141826
EHAM,6,6,520,560,210,0.5011277517141826
EHAM,6,6,680,760,210,0.5011277517141826
EHAM,25,25,640,680,251,0.4408783783783783
EHAM,25,25,420,520,251,0.4408783783783783
EHAM,6,6,760,830,210,0.5011277517141826
EHAM,9,9,1000,1080,23,0.453921568627451
EHAM,8,8,680,760,270,0.4222960151802657
EHAM,8,8,640,680,270,0.4222960151802657
EHAM,8,8,560,640,270,0.4222960151802657
EHAM,8,8,760,830,270,0.4222960151802657
EHAM,8,8,280,320,270,0.4222960151802657
EHAM,9,9,680,760,270,0.1863867684478371
EHAM,9,9,280,320,270,0.1863867684478371
EHAM,9,9,760,830,270,0.1863867684478371
EHAM,9,9,520,560,270,0.1863867684478371
EHAM,8,8,420,520,270,0.4222960151802657
EHAM,9,9,640,680,270,0.1863867684478371
EHAM,8,8,520,560,270,0.4222960151802657
EHAM,8,8,960,1080,50,0.3556644880174291
EHAM,9,9,560,640,270,0.1863867684478371
EHAM,9,9,420,520,270,0.1863867684478371
EHAM,9,9,320,420,270,0.1863867684478371
EHAM,8,8,320,420,270,0.4222960151802657
EHAM,26,26,280,320,160,0.131376887038001
EHAM,19,19,320,420,117,0.549342105263158
EHAM,19,19,960,1100,45,0.3738562091503268
EHAM,19,19,640,680,79,0.7043969102792632
EHAM,26,26,320,420,160,0.131376887038001
EHAM,19,19,280,320,117,0.549342105263158
EHAM,26,26,960,1080,67,0.1643420254699818
EHAM,19,19,520,560,91,0.3437044239183276
EHAM,19,19,560,580,91,0.3437044239183276
EHAM,19,19,500,520,91,0.3437044239183276
EHAM,19,19,600,640,79,0.7043969102792632
EHAM,19,19,680,760,79,0.7043969102792632
EHAM,19,19,760,830,79,0.7043969102792632
EHAM,11,11,980,1080,96,0.6392494929006085
EHAM,11,11,560,640,221,0.4608944701476096
EHAM,11,11,320,420,221,0.4608944701476096
EHAM,11,11,640,680,221,0.4608944701476096
EHAM,11,11,680,760,221,0.4608944701476096
EHAM,10,10,560,640,303,0.4862196626902508
EHAM,10,10,920,1080,303,0.4862196626902508
EHAM,10,10,830,920,303,0.4862196626902508
EHAM,10,10,520,560,303,0.4862196626902508
EHAM,10,10,420,520,303,0.4862196626902508
EHAM,11,11,520,560,221,0.4608944701476096
EHAM,11,11,420,520,221,0.4608944701476096
EHAM,10,10,320,420,303,0.4862196626902508
EHAM,10,10,680,760,303,0.4862196626902508
EHAM,10,10,640,680,303,0.4862196626902508
EHAM,11,11,260,320,221,0.4608944701476096
EHAM,10,10,280,320,303,0.4862196626902508
EHAM,10,10,760,830,303,0.4862196626902508
EHAM,12,12,560,640,230,0.4628110859728507
EHAM,12,12,420,520,230,0.4628110859728507
EHAM,12,12,280,320,230,0.4628110859728507
EHAM,12,12,520,560,230,0.4628110859728507
EHAM,21,21,560,640,232,0.4140967066438226
EHAM,21,21,520,560,232,0.4140967066438226
EHAM,21,21,320,420,232,0.4140967066438226
EHAM,21,21,980,1060,36,0.6171726755218216
EHAM,21,21,640,680,232,0.4140967066438226
EHAM,12,12,680,760,230,0.4628110859728507
EHAM,12,12,320,420,230,0.4628110859728507
EHAM,12,12,640,680,230,0.4628110859728507
EHAM,21,21,680,760,232,0.4140967066438226
EHAM,12,12,760,830,230,0.4628110859728507
EHAM,21,21,420,520,232,0.4140967066438226
EHAM,21,21,280,320,232,0.4140967066438226
EHAM,22,22,640,680,383,0.7247805581029738
EHAM,22,22,1100,1200,56,0.5358350236646383
EHAM,22,22,320,420,383,0.7247805581029738
EHAM,22,22,980,1100,56,0.5358350236646383
EHAM,13,13,420,520,227,0.2274101307189542
EHAM,13,13,280,320,227,0.2274101307189542
EHAM,22,22,680,760,383,0.7247805581029738
EHAM,15,15,420,520,81,0.4455017301038063
EHAM,13,13,640,680,227,0.2274101307189542
EHAM,15,15,320,420,81,0.4455017301038063
EHAM,22,22,520,560,383,0.7247805581029738
EHAM,13,13,760,830,227,0.2274101307189542
EHAM,22,22,560,640,383,0.7247805581029738
EHAM,13,13,680,760,227,0.2274101307189542
EHAM,22,22,760,830,383,0.7247805581029738
EHAM,13,13,320,420,227,0.2274101307189542
EHAM,13,13,520,560,227,0.2274101307189542
EHAM,13,13,980,1080,86,0.5468900675024109
EHAM,13,13,1080,1240,86,0.5468900675024109
EHAM,22,22,420,520,383,0.7247805581029738
EHAM,22,22,280,320,383,0.7247805581029738
EHAM,13,13,560,640,227,0.2274101307189542
EHAM,14,14,830,840,267,0.4542081447963801
EHAM,20,20,1000,1060,30,0.5738880918220947
EHAM,14,14,960,1080,87,0.1481322455989695
EHAM,15,15,660,680,45,0.6937716262975778
EHAM,20,20,560,640,251,0.4185164631890491
EHAM,20,20,1140,1180,5,0.71524064171123
EHAM,20,20,420,520,251,0.4185164631890491
EHAM,20,20,680,760,251,0.4185164631890491
EHAM,15,15,680,760,45,0.6937716262975778
EHAM,14,14,680,760,267,0.4542081447963801
EHAM,15,15,280,320,81,0.4455017301038063
EHAM,14,14,640,680,267,0.4542081447963801
EHAM,14,14,520,560,267,0.4542081447963801
EHAM,14,14,760,830,267,0.4542081447963801
EHAM,20,20,640,680,251,0.4185164631890491
EHAM,14,14,280,320,267,0.4542081447963801
EHAM,14,14,420,520,267,0.4542081447963801
EHAM,14,14,560,640,267,0.4542081447963801
EHAM,15,15,760,830,45,0.6937716262975778
EHAM,20,20,760,830,251,0.4185164631890491
EHAM,20,20,520,560,251,0.4185164631890491
EHAM,14,14,320,420,267,0.4542081447963801
EHAM,20,20,320,420,251,0.4185164631890491
EIDW,1,1,420,460,47,0.6670258620689655
EIDW,1,1,300,331,47,0.6670258620689655
EIDW,1,1,460,480,47,0.6670258620689655
EIDW,1,1,331,420,47,0.6670258620689655
EIDW,1,1,480,545,47,0.6670258620689655
EIDW,22,22,540,750,81,0.5166666666666666
EIDW,22,22,420,540,81,0.5166666666666666
EIDW,22,22,360,420,81,0.5166666666666666
ENGM,6,6,760,1000,53,0.6111111111111112
ENGM,6,6,690,760,53,0.6111111111111112
ENGM,9,9,780,900,28,0.4060846560846561
ENGM,19,19,880,1018,63,0.3413654618473896
ENGM,26,26,640,780,20,0.2717717717717717
ENGM,19,19,760,880,63,0.3413654618473896
ENGM,20,20,780,907,25,0.5645833333333333
ESSA,1,1,860,1000,12,0.6861471861471862
ESSA,0,0,780,980,23,0.6215277777777777
ESSA,4,4,720,875,30,0.651469098277609
ESSA,5,5,600,920,28,0.5745207173778603
ESSA,25,25,851,960,28,0.5258272800645682
ESSA,25,25,740,851,28,0.5258272800645682
LEBL,0,0,480,580,33,-0.0146520146520146
LEBL,1,1,1320,1360,15,0.3276353276353276
LEBL,0,0,980,1020,76,0.6508210890233362
LEBL,1,1,1260,1320,15,0.3276353276353276
LEBL,23,23,480,560,8,0.0608058608058608
LEBL,0,0,1020,1070,76,0.6508210890233362
LEBL,23,23,1260,1355,16,0.4336996336996337
LEBL,0,0,1115,1320,76,0.6508210890233362
LEBL,0,0,1070,1115,76,0.6508210890233362
LEBL,2,2,840,985,51,0.5781738586616635
LEBL,2,2,460,640,40,0.4067439409905163
LEBL,2,2,1260,1320,46,0.3509021842355176
LEBL,16,16,480,596,29,0.3846153846153846
LEBL,2,2,1320,1400,46,0.3509021842355176
LEBL,2,2,985,1129,51,0.5781738586616635
LEBL,17,17,960,1080,27,0.4364548494983277
LEBL,17,17,1320,1356,39,-0.0015540015540015
LEBL,17,17,400,580,74,0.3450057405281285
LEBL,17,17,1260,1320,39,-0.0015540015540015
LEBL,3,3,1060,1133,124,0.5254884004884005
LEBL,5,5,1040,1145,279,0.447559468643806
LEBL,3,3,930,1010,124,0.5254884004884005
LEBL,3,3,1010,1060,124,0.5254884004884005
LEBL,24,24,1260,1359,18,0.5846153846153846
LEBL,3,3,400,640,57,0.5220883534136547
LEBL,5,5,795,871,279,0.447559468643806
LEBL,3,3,920,930,124,0.5254884004884005
LEBL,3,3,1260,1320,32,0.2623732856290996
LEBL,3,3,1320,1350,32,0.2623732856290996
LEBL,5,5,1145,1260,279,0.447559468643806
LEBL,5,5,470,561,279,0.447559468643806
LEBL,5,5,871,950,279,0.447559468643806
LEBL,5,5,561,795,279,0.447559468643806
LEBL,5,5,1320,1380,24,0.7259615384615384
LEBL,5,5,950,1020,279,0.447559468643806
LEBL,5,5,360,470,279,0.447559468643806
LEBL,5,5,1260,1320,24,0.7259615384615384
LEBL,24,24,480,560,37,-0.0789743589743589
LEBL,5,5,1020,1040,279,0.447559468643806
LEBL,4,4,620,660,70,0.5281593406593407
LEBL,4,4,1300,1400,68,0.7799581371009943
LEBL,4,4,1200,1300,68,0.7799581371009943
LEBL,4,4,460,520,70,0.5281593406593407
LEBL,4,4,1080,1101,68,0.7799581371009943
LEBL,4,4,1101,1150,68,0.7799581371009943
LEBL,4,4,1150,1200,68,0.7799581371009943
LEBL,4,4,520,620,70,0.5281593406593407
LEBL,7,7,1240,1360,28,0.6180144641683103
LEBL,7,7,1200,1240,28,0.6180144641683103
LEBL,25,25,1320,1380,31,-0.0558312655086849
LEBL,25,25,980,1160,58,0.2044950933839823
LEBL,7,7,480,580,21,0.233270794246404
LEBL,6,6,480,600,27,0.341025641025641
LEBL,25,25,1260,1320,31,-0.0558312655086849
LEBL,25,25,660,760,17,0.5798816568047338
LEBL,6,6,1260,1323,25,0.2866535174227482
LEBL,8,8,1320,1340,30,0.5416666666666666
LEBL,9,9,1260,1360,41,0.3797313797313797
LEBL,8,8,1260,1320,30,0.5416666666666666
LEBL,27,27,460,620,58,0.4705294705294706
LEBL,26,26,1320,1340,11,0.6977058029689608
LEBL,26,26,1260,1320,11,0.6977058029689608
LEBL,26,26,320,440,126,0.5252694165737645
LEBL,26,26,440,485,126,0.5252694165737645
LEBL,26,26,980,1160,65,0.4351577909270217
LEBL,26,26,485,540,126,0.5252694165737645
LEBL,26,26,540,630,126,0.5252694165737645
LEBL,27,27,1000,1060,6,0.7264957264957266
LEBL,19,19,340,733,84,0.4202387942845958
LEBL,26,26,630,780,126,0.5252694165737645
LEBL,11,11,980,1080,25,0.2900641025641026
LEBL,10,10,1260,1320,41,0.5928205128205127
LEBL,11,11,460,580,20,0.3181580324437467
LEBL,11,11,1260,1380,30,0.4784506273867976
LEBL,10,10,480,560,180,0.4343542260208926
LEBL,10,10,1320,1380,41,0.5928205128205127
LEBL,22,22,1220,1260,31,0.3235653235653236
LEBL,12,12,1260,1320,15,0.5897435897435898
LEBL,22,22,1260,1340,31,0.3235653235653236
LEBL,22,22,480,560,18,0.5393457117595049
LEBL,22,22,890,940,69,0.4752913752913753
LEBL,21,21,1260,1370,27,0.3022941970310391
LEBL,12,12,1060,1180,51,0.0941052075072693
LEBL,21,21,480,580,24,0.4751602564102564
LEBL,22,22,940,1188,69,0.4752913752913753
LEBL,12,12,480,600,80,0.1531654186521443
LEBL,13,13,1000,1080,34,0.085180356366797
LEBL,13,13,460,700,95,-0.1711220221858519
LEBL,13,13,1260,1380,56,0.1232423490488006
LEBL,15,15,1260,1360,19,0.3488733488733488
LEBL,20,20,400,640,73,0.3758434547908232
LEBL,14,14,480,780,90,0.4144477317554241
LEBL,14,14,1260,1371,75,0.0103066867772749
LEBL,14,14,980,1140,76,0.0604929051530993
LEBL,20,20,1260,1340,26,0.3037904124860647
LEMD,1,1,720,840,34,0.4672075726842461
LEMD,23,23,1220,1260,75,0.446331109763493
LEMD,23,23,720,780,25,0.3917008663930689
LEMD,23,23,460,520,18,0.6521739130434783
LEMD,0,0,1220,1260,33,0.3050108932461874
LEMD,0,0,480,540,10,0.6048265460030166
LEMD,23,23,1260,1320,75,0.446331109763493
LEMD,0,0,1260,1328,33,0.3050108932461874
LEMD,23,23,1140,1220,75,0.446331109763493
LEMD,0,0,700,820,40,0.492296918767507
LEMD,2,2,1220,1260,31,0.4178498985801216
LEMD,16,16,440,540,35,0.2688536953242835
LEMD,16,16,720,800,78,0.3119429590017825
LEMD,2,2,720,820,57,0.0588235294117647
LEMD,2,2,1140,1220,31,0.4178498985801216
LEMD,17,17,1260,1320,32,0.2324929971988795
LEMD,17,17,1230,1260,32,0.2324929971988795
LEMD,18,18,1180,1240,23,0.2638146167557932
LEMD,18,18,460,520,35,0.5181554103122731
LEMD,17,17,460,540,20,0.4834347532116295
LEMD,17,17,660,780,49,0.429590017825312
LEMD,3,3,1260,1300,81,0.5774886877828054
LEMD,3,3,720,780,55,0.8135026737967914
LEMD,5,5,700,712,70,0.5106564364876386
LEMD,24,24,660,810,46,0.530471648118707
LEMD,5,5,712,920,70,0.5106564364876386
LEMD,5,5,640,700,17,0.6127450980392157
LEMD,3,3,440,520,38,0.2436378806841886
LEMD,5,5,960,1110,109,0.5433109952841896
LEMD,5,5,1110,1380,109,0.5433109952841896
LEMD,24,24,440,540,30,0.6239907727797002
LEMD,24,24,1230,1260,34,0.4566993464052288
LEMD,24,24,1160,1230,34,0.4566993464052288
LEMD,5,5,440,540,47,0.4665314401622717
LEMD,3,3,1220,1260,81,0.5774886877828054
LEMD,4,4,1260,1320,52,0.5526506899055919
LEMD,7,7,960,994,4,0.3333333333333333
LEMD,4,4,1120,1230,52,0.5526506899055919
LEMD,4,4,660,840,97,0.1456356736242884
LEMD,7,7,740,820,26,0.5163398692810457
LEMD,7,7,420,520,49,0.5230226922229566
LEMD,4,4,1230,1260,52,0.5526506899055919
LEMD,6,6,1230,1260,71,0.5141868512110727
LEMD,6,6,980,1040,14,0.5513264129181085
LEMD,6,6,1160,1230,71,0.5141868512110727
LEMD,6,6,640,860,68,0.5212765957446809
LEMD,25,25,720,840,62,0.503968253968254
LEMD,25,25,440,540,44,0.4817927170868347
LEMD,6,6,440,540,47,0.5912364945978391
LEMD,25,25,980,1060,37,0.5562817719680465
LEMD,25,25,1220,1320,52,0.5134453781512606
LEMD,6,6,1260,1360,71,0.5141868512110727
LEMD,8,8,1240,1260,50,0.5763517528223411
LEMD,8,8,660,840,82,0.3014948553678898
LEMD,9,9,1230,1290,13,0.2193627450980392
LEMD,8,8,440,540,18,0.3854615016738403
LEMD,8,8,1260,1290,50,0.5763517528223411
LEMD,9,9,440,540,56,0.5429278507519513
LEMD,8,8,1140,1240,50,0.5763517528223411
LEMD,26,26,1260,1290,59,0.5307797537619698
LEMD,19,19,1080,1180,38,0.7480183562786816
LEMD,27,27,660,820,77,0.5775713794289645
LEMD,27,27,460,520,51,0.7075393537696769
LEMD,26,26,1290,1350,59,0.5307797537619698
LEMD,26,26,980,1040,55,0.492845786963434
LEMD,26,26,660,840,74,0.6975308641975309
LEMD,19,19,660,840,131,0.5958732330141359
LEMD,26,26,1160,1260,59,0.5307797537619698
LEMD,19,19,460,540,103,0.4458521870286576
LEMD,19,19,1180,1260,38,0.7480183562786816
LEMD,11,11,640,860,86,0.4253543001358959
LEMD,11,11,1140,1260,26,0.5985739750445633
LEMD,11,11,960,1054,44,0.7428887047776856
LEMD,11,11,420,560,116,0.6412397216951297
LEMD,10,10,640,840,99,0.3239710298533828
LEMD,10,10,1290,1320,97,0.5044719642242862
LEMD,10,10,420,560,71,0.274007038712921
LEMD,10,10,1120,1260,97,0.5044719642242862
LEMD,10,10,1260,1290,97,0.5044719642242862
LEMD,12,12,460,540,25,0.3431372549019608
LEMD,22,22,1180,1206,1,0.4313725490196078
LEMD,22,22,760,840,68,0.1698679471788715
LEMD,22,22,460,540,52,0.2102187028657617
LEMD,21,21,1140,1240,76,0.3024955436720143
LEMD,22,22,960,1060,34,0.6044494720965309
LEMD,12,12,1100,1260,66,0.5014347202295553
LEMD,12,12,980,1055,27,0.5886524822695035
LEMD,12,12,620,820,99,0.4293239683933275
LEMD,15,15,1160,1230,13,0.6909430438842205
LEMD,15,15,820,840,25,0.8663398692810458
LEMD,13,13,640,820,81,0.4021650326797386
LEMD,13,13,460,480,48,0.3640350877192982
LEMD,13,13,480,540,48,0.3640350877192982
LEMD,13,13,980,1040,159,0.2122140522875816
LEMD,15,15,840,940,25,0.8663398692810458
LEMD,13,13,1140,1150,5,0.7478991596638654
LEMD,20,20,460,540,47,0.6388361796331435
LEMD,14,14,1230,1240,5,0.6710239651416122
LEMD,20,20,980,1080,34,0.2965088474414156
LEMD,14,14,660,780,38,0.6188510491916065
LEMD,20,20,1290,1360,56,0.464349376114082
LEMD,20,20,1160,1260,56,0.464349376114082
LEMD,20,20,640,860,88,0.3044662309368192
LEMD,14,14,440,540,30,0.6161220043572985
LEMD,20,20,1260,1290,56,0.464349376114082
LEMD,14,14,980,1032,21,0.7232704402515724
LEMD,16,16,1120,1240,18,0.7415966386554621
LFPG,2,2,580,640,77,0.6378644186863366
LFPG,2,2,555,580,77,0.6378644186863366
LFPG,18,18,840,870,32,0.7367641614216957
LFPG,18,18,810,840,32,0.7367641614216957
LFPG,9,9,1020,1120,37,0.5342465753424658
LFPG,26,26,1040,1050,42,0.3759512937595129
LFPG,19,19,360,487,21,0.7016081000595593
LFPG,10,10,360,370,2,0.7477168949771689
LFPG,22,22,230,600,71,0.6433428599586084
LFPG,20,20,360,440,10,0.7003424657534246
LFPG,22,22,220,282,1,0.5666251556662515
LFPO,2,2,485,515,53,0.4633458646616541
LFPO,2,2,580,660,53,0.4633458646616541
LFPO,2,2,540,580,53,0.4633458646616541
LFPO,18,18,840,870,66,0.7332123411978222
LFPO,18,18,810,840,66,0.7332123411978222
LFPO,18,18,740,770,66,0.7332123411978222
LFPO,18,18,870,930,66,0.7332123411978222
LFPO,19,19,300,601,74,0.4035757332261953
LFPO,26,26,300,420,35,0.7778768956289027
LFPO,26,26,1200,1260,11,0.492822966507177
LFPO,27,27,300,338,11,0.8002699055330634
LFPO,11,11,300,500,49,0.4374523264683447
LFPO,10,10,300,440,26,0.3934837092731829
LFPO,22,22,520,720,71,0.4709347996857816
LFPO,21,21,300,420,22,0.4179926560587516
LFPO,12,12,300,420,18,0.3684210526315789
LFPO,12,12,1160,1260,27,0.4971550497866287
LFPO,22,22,300,520,71,0.4709347996857816
LFPO,21,21,540,600,17,0.4473684210526316
LFPO,13,13,1120,1130,3,0.5614035087719298
LFPO,13,13,1000,1060,11,0.3112128146453089
LFPO,15,15,300,420,9,0.4900181488203266
LFPO,13,13,300,321,0,0.3070175438596491
LFPO,15,15,560,640,19,0.4757894736842105
LFPO,20,20,300,480,45,0.2563520871143376
LFPO,14,14,860,1120,29,0.6311740890688259
LFPO,14,14,300,540,40,0.291578947368421
LGAV,0,0,940,1260,209,0.056574326960593
LGAV,23,23,320,440,23,-0.0415584415584415
LGAV,0,0,600,940,209,0.056574326960593
LGAV,0,0,500,600,209,0.056574326960593
LGAV,1,1,720,1260,132,0.3271446862996159
LGAV,1,1,600,648,56,-0.1465400271370421
LGAV,23,23,1040,1116,129,0.0885539331135186
LGAV,23,23,920,1040,129,0.0885539331135186
LGAV,1,1,500,600,56,-0.1465400271370421
LGAV,23,23,500,920,129,0.0885539331135186
LGAV,16,16,480,570,174,0.1368346679227508
LGAV,16,16,660,1140,174,0.1368346679227508
LGAV,16,16,570,660,174,0.1368346679227508
LGAV,17,17,500,600,102,0.0439266615737204
LGAV,17,17,760,880,102,0.0439266615737204
LGAV,17,17,600,760,102,0.0439266615737204
LGAV,3,3,480,1180,163,0.1840909090909091
LGAV,5,5,660,1220,189,0.0202479338842975
LGAV,5,5,560,660,189,0.0202479338842975
LGAV,5,5,500,560,189,0.0202479338842975
LGAV,24,24,500,1200,202,0.0059288537549406
LGAV,3,3,340,400,26,-0.6055194805194805
LGAV,25,25,1160,1280,9,-0.2148760330578512
LGAV,8,8,500,1220,191,0.0515422077922078
LGAV,8,8,340,420,10,0.012396694214876
LGAV,27,27,900,980,74,0.2637485970819304
LGAV,19,19,1080,1214,193,-0.0520361990950226
LGAV,26,26,1100,1260,199,0.3618955512572533
LGAV,26,26,500,1100,199,0.3618955512572533
LGAV,27,27,980,1220,74,0.2637485970819304
LGAV,19,19,500,1080,193,-0.0520361990950226
LGAV,11,11,1120,1208,212,0.025889328063241
LGAV,11,11,780,1120,212,0.025889328063241
LGAV,11,11,660,780,212,0.025889328063241
LGAV,11,11,340,420,12,-0.6045454545454544
LGAV,11,11,500,660,212,0.025889328063241
LGAV,21,21,520,760,139,0.0704545454545454
LGAV,22,22,940,1003,164,0.0452261306532663
LGAV,21,21,940,1192,139,0.0704545454545454
LGAV,22,22,1003,1100,164,0.0452261306532663
LGAV,22,22,640,780,164,0.0452261306532663
LGAV,21,21,760,940,139,0.0704545454545454
LGAV,12,12,690,1280,188,0.2029074529074528
LGAV,22,22,780,900,164,0.0452261306532663
LGAV,22,22,500,640,164,0.0452261306532663
LGAV,21,21,340,420,244,0.1752543485395471
LGAV,22,22,900,940,164,0.0452261306532663
LGAV,12,12,540,690,188,0.2029074529074528
LGAV,22,22,1100,1140,164,0.0452261306532663
LGAV,13,13,660,1000,206,0.2306595365418894
LGAV,13,13,520,660,206,0.2306595365418894
LGAV,13,13,1000,1240,206,0.2306595365418894
LGAV,13,13,500,520,206,0.2306595365418894
LGAV,20,20,884,1080,157,0.087962962962963
LGAV,20,20,520,700,157,0.087962962962963
LGAV,20,20,800,860,157,0.087962962962963
LGAV,20,20,320,420,198,0.281894576012223
LGAV,20,20,1080,1260,157,0.087962962962963
LGAV,20,20,700,740,157,0.087962962962963
LGAV,20,20,860,884,157,0.087962962962963
LGAV,20,20,740,800,157,0.087962962962963
LIMC,1,1,360,449,10,0.7157190635451505
LIMC,3,3,1080,1169,77,0.1226935058710759
LIMC,3,3,960,1080,77,0.1226935058710759
LIMC,4,4,1020,1140,15,0.639957264957265
LIMC,8,8,860,980,9,0.5622710622710623
LIMC,19,19,810,995,9,0.8012820512820513
LIMC,15,15,520,602,17,0.5431235431235432
LIRF,1,1,330,421,26,0.4743265993265993
LIRF,6,6,690,780,41,0.6099033816425121
LIRF,6,6,650,690,41,0.6099033816425121
LOWW,1,1,360,440,13,0.4553571428571429
LOWW,2,2,990,1080,73,0.5173529411764706
LOWW,2,2,950,990,73,0.5173529411764706
LOWW,16,16,340,480,34,0.3852040816326531
LOWW,16,16,980,1100,18,0.5
LOWW,2,2,800,950,73,0.5173529411764706
LOWW,17,17,780,1060,109,0.0927734375
LOWW,18,18,1185,1360,28,0.7575000000000001
LOWW,17,17,1060,1100,109,0.0927734375
LOWW,18,18,450,510,9,0.4325
LOWW,18,18,630,690,4,0.71
LOWW,18,18,780,840,8,0.7181818181818181
LOWW,17,17,1100,1260,109,0.0927734375
LOWW,24,24,1000,1060,20,0.60625
LOWW,4,4,810,960,19,0.7583333333333334
LOWW,4,4,761,810,19,0.7583333333333334
LOWW,4,4,680,761,19,0.7583333333333334
LOWW,19,19,980,1140,12,0.8183333333333334
LOWW,19,19,800,940,27,0.7379310344827587
LOWW,10,10,952,1030,85,0.4612385321100917
LOWW,10,10,800,880,85,0.4612385321100917
LOWW,10,10,880,952,85,0.4612385321100917
LOWW,10,10,1030,1160,85,0.4612385321100917
LOWW,13,13,820,830,92,0.2123853211009174
LOWW,13,13,980,990,92,0.2123853211009174
LOWW,13,13,830,980,92,0.2123853211009174
LOWW,15,15,340,450,32,0.4856382978723405
LOWW,15,15,330,340,32,0.4856382978723405
LOWW,13,13,990,1040,92,0.2123853211009174
LOWW,13,13,340,460,25,0.5942857142857143
LOWW,13,13,1040,1105,92,0.2123853211009174
LOWW,15,15,960,1260,22,0.7083333333333334
LOWW,14,14,360,440,79,0.3095454545454545
LOWW,14,14,540,620,79,0.3095454545454545
LOWW,20,20,980,1140,23,0.6741071428571429
LOWW,14,14,440,540,79,0.3095454545454545
LPPT,1,1,380,520,39,-0.1460213289581625
LPPT,23,23,1240,1320,12,0.4891304347826087
LPPT,1,1,810,960,73,0.4182908545727137
LPPT,1,1,520,600,39,-0.1460213289581625
LPPT,0,0,1240,1320,11,0.424901185770751
LPPT,0,0,360,540,103,0.2813781788351108
LPPT,0,0,820,940,103,0.2813781788351108
LPPT,0,0,540,820,103,0.2813781788351108
LPPT,1,1,720,810,73,0.4182908545727137
LPPT,23,23,680,868,24,-0.0337331334332833
LPPT,1,1,980,1380,53,0.4598465473145779
LPPT,23,23,360,500,28,-0.0846063454759107
LPPT,1,1,600,720,73,0.4182908545727137
LPPT,23,23,990,1160,60,0.5416149068322982
LPPT,0,0,940,1140,19,0.6770186335403726
LPPT,16,16,960,1100,99,-0.0177462289263531
LPPT,16,16,1200,1320,15,0.1755852842809365
LPPT,16,16,660,960,99,-0.0177462289263531
LPPT,2,2,660,780,80,0.0353514831369361
LPPT,17,17,960,980,98,0.3039596273291924
LPPT,18,18,1200,1350,92,0.4880785413744741
LPPT,17,17,360,420,27,0.0391304347826086
LPPT,18,18,710,780,13,0.3043478260869565
LPPT,17,17,420,500,27,0.0391304347826086
LPPT,18,18,990,1140,92,0.4880785413744741
LPPT,17,17,720,810,29,0.6097308488612836
LPPT,17,17,980,1439,98,0.3039596273291924
LPPT,18,18,380,500,24,0.0981366459627328
LPPT,18,18,1350,1400,92,0.4880785413744741
LPPT,17,17,590,720,75,0.1482000935016363
LPPT,18,18,1140,1200,92,0.4880785413744741
LPPT,18,18,780,840,13,0.3043478260869565
LPPT,17,17,810,960,51,0.6502557544757033
LPPT,24,24,680,780,41,0.4623188405797101
LPPT,3,3,600,780,163,0.1925749454040103
LPPT,24,24,990,1020,110,0.2411399342345634
LPPT,24,24,360,480,25,0.2347826086956521
LPPT,3,3,360,600,163,0.1925749454040103
LPPT,5,5,820,880,67,0.4239130434782608
LPPT,5,5,660,820,67,0.4239130434782608
LPPT,24,24,780,930,110,0.2411399342345634
LPPT,24,24,930,990,110,0.2411399342345634
LPPT,24,24,1020,1160,110,0.2411399342345634
LPPT,3,3,780,960,34,0.4037267080745342
LPPT,4,4,1260,1380,17,0.6047430830039525
LPPT,4,4,760,840,64,0.2458592132505176
LPPT,4,4,680,760,64,0.2458592132505176
LPPT,7,7,440,840,53,0.3782084861183866
LPPT,4,4,1060,1080,22,0.4114906832298136
LPPT,7,7,380,440,53,0.3782084861183866
LPPT,4,4,960,1060,22,0.4114906832298136
LPPT,7,7,1220,1320,42,0.2190423775454044
LPPT,7,7,1320,1380,42,0.2190423775454044
LPPT,6,6,800,960,73,0.2756808408982321
LPPT,25,25,1140,1400,90,0.4879862700228832
LPPT,25,25,360,520,38,0.2003780718336484
LPPT,25,25,900,1140,90,0.4879862700228832
LPPT,25,25,860,900,90,0.4879862700228832
LPPT,6,6,740,800,73,0.2756808408982321
LPPT,25,25,700,780,15,-0.0916149068322981
LPPT,6,6,600,740,73,0.2756808408982321
LPPT,6,6,360,520,71,0.2658862876254181
LPPT,8,8,1020,1240,24,0.461071789686552
LPPT,9,9,1240,1320,29,0.247229326513214
LPPT,9,9,720,760,122,0.134036532029843
LPPT,9,9,940,1140,122,0.134036532029843
LPPT,9,9,560,720,122,0.134036532029843
LPPT,9,9,760,940,122,0.134036532029843
LPPT,19,19,1240,1380,122,0.2684973302822274
LPPT,8,8,360,480,40,-0.4934782608695652
LPPT,8,8,980,1020,24,0.461071789686552
LPPT,26,26,980,1170,53,0.5391304347826087
LPPT,26,26,540,820,47,0.461071789686552
LPPT,27,27,780,795,148,0.3346814964610717
LPPT,26,26,1260,1360,39,0.0579710144927535
LPPT,19,19,744,786,2,0.2391304347826087
LPPT,27,27,570,720,148,0.3346814964610717
LPPT,27,27,720,780,148,0.3346814964610717
LPPT,27,27,1240,1320,9,0.3785166240409207
LPPT,27,27,795,1110,148,0.3346814964610717
LPPT,11,11,900,1060,155,0.3023137554030002
LPPT,10,10,340,480,42,0.0552104899930986
LPPT,10,10,1240,1340,16,-0.1816770186335403
LPPT,11,11,1100,1380,107,0.4607444479199249
LPPT,11,11,540,720,155,0.3023137554030002
LPPT,11,11,1060,1100,107,0.4607444479199249
LPPT,11,11,360,480,18,0.0136645962732918
LPPT,10,10,480,540,42,0.0552104899930986
LPPT,11,11,720,750,155,0.3023137554030002
LPPT,10,10,990,1140,37,0.4328063241106719
LPPT,11,11,750,900,155,0.3023137554030002
LPPT,10,10,540,700,143,0.1444277861069465
LPPT,10,10,700,820,143,0.1444277861069465
LPPT,10,10,820,990,143,0.1444277861069465
LPPT,22,22,825,960,114,0.2989130434782608
LPPT,12,12,1020,1080,79,0.1137123745819398
LPPT,22,22,960,1020,114,0.2989130434782608
LPPT,21,21,930,1080,172,0.109087348217783
LPPT,21,21,1220,1320,15,0.1657608695652173
LPPT,21,21,1080,1160,25,0.2826086956521739
LPPT,22,22,1240,1320,30,0.1951690821256038
LPPT,21,21,720,930,48,-0.046195652173913
LPPT,22,22,1020,1160,114,0.2989130434782608
LPPT,12,12,760,810,79,0.1137123745819398
LPPT,12,12,680,760,79,0.1137123745819398
LPPT,12,12,360,480,87,-0.323849104859335
LPPT,22,22,540,740,114,0.2989130434782608
LPPT,22,22,740,825,114,0.2989130434782608
LPPT,22,22,1320,1420,30,0.1951690821256038
LPPT,21,21,360,600,29,0.2344720496894409
LPPT,12,12,810,1020,79,0.1137123745819398
LPPT,12,12,1240,1360,10,0.5011441647597255
LPPT,13,13,360,473,26,0.2391304347826087
LPPT,15,15,780,1140,75,0.2777777777777778
LPPT,13,13,840,900,98,0.3402646502835538
LPPT,13,13,440,670,98,0.3402646502835538
LPPT,15,15,1220,1360,17,0.4927536231884058
LPPT,13,13,670,840,98,0.3402646502835538
LPPT,13,13,1140,1380,84,0.4044227886056971
LPPT,13,13,900,960,84,0.4044227886056971
LPPT,13,13,960,1140,84,0.4044227886056971
LPPT,14,14,840,920,23,0.4213438735177865
LPPT,20,20,1260,1340,16,0.4704968944099378
LPPT,20,20,840,850,37,0.2862318840579709
LPPT,14,14,360,370,23,0.8217391304347825
LPPT,20,20,1340,1380,16,0.4704968944099378
LPPT,20,20,480,700,54,0.2572960095294818
LPPT,20,20,700,1060,79,-0.1286381602587136
LPPT,14,14,360,480,24,0.4554865424430642
LSZH,1,1,480,540,36,0.4083333333333333
LSZH,0,0,480,540,46,0.4807017543859649
LSZH,0,0,600,620,46,0.4807017543859649
LSZH,1,1,780,877,32,0.4909090909090909
LSZH,0,0,780,790,2,0.55
LSZH,1,1,540,600,36,0.4083333333333333
LSZH,0,0,540,600,46,0.4807017543859649
LSZH,23,23,540,600,31,0.4737804878048781
LSZH,23,23,480,540,31,0.4737804878048781
LSZH,23,23,820,900,9,0.2147058823529412
LSZH,16,16,345,420,32,-0.01640625
LSZH,2,2,940,1040,98,0.5044573643410852
LSZH,2,2,345,420,18,0.3434782608695652
LSZH,2,2,1040,1290,98,0.5044573643410852
LSZH,16,16,820,940,26,0.5164473684210527
LSZH,18,18,480,540,37,0.7131818181818181
LSZH,17,17,840,960,96,0.1647727272727273
LSZH,18,18,540,600,37,0.7131818181818181
LSZH,17,17,460,680,84,0.4128260869565217
LSZH,17,17,780,840,96,0.1647727272727273
LSZH,5,5,480,540,51,0.175
LSZH,24,24,600,620,30,0.5203488372093024
LSZH,24,24,820,880,41,0.5270547945205479
LSZH,3,3,540,600,45,0.4327586206896551
LSZH,24,24,540,600,30,0.5203488372093024
LSZH,24,24,480,540,30,0.5203488372093024
LSZH,3,3,600,640,45,0.4327586206896551
LSZH,5,5,600,660,51,0.175
LSZH,3,3,820,880,19,-0.1839285714285713
LSZH,24,24,1140,1260,19,0.4452702702702703
LSZH,3,3,480,540,45,0.4327586206896551
LSZH,5,5,540,600,51,0.175
LSZH,4,4,920,1260,128,0.5675
LSZH,4,4,480,540,49,0.4082089552238805
LSZH,7,7,540,600,40,0.4355263157894737
LSZH,7,7,600,640,40,0.4355263157894737
LSZH,4,4,823,920,128,0.5675
LSZH,7,7,480,540,40,0.4355263157894737
LSZH,4,4,720,823,128,0.5675
LSZH,7,7,800,976,150,0.190128205128205
LSZH,4,4,540,660,49,0.4082089552238805
LSZH,7,7,1140,1220,12,0.6604166666666667
LSZH,7,7,345,420,51,0.1657894736842104
LSZH,25,25,600,660,82,0.1483490566037735
LSZH,6,6,820,930,35,0.0739130434782609
LSZH,25,25,540,600,82,0.1483490566037735
LSZH,6,6,1020,1140,26,0.485
LSZH,25,25,480,540,82,0.1483490566037735
LSZH,25,25,1140,1240,32,-0.0307692307692308
LSZH,6,6,1140,1240,26,0.485
LSZH,9,9,480,540,103,-0.2082061068702289
LSZH,9,9,540,600,103,-0.2082061068702289
LSZH,19,19,1160,1260,16,0.5361111111111111
LSZH,19,19,780,840,77,0.2445
LSZH,19,19,540,560,56,0.1240506329113923
LSZH,9,9,820,900,59,0.0433823529411764
LSZH,19,19,840,1000,77,0.2445
LSZH,19,19,480,540,56,0.1240506329113923
LSZH,26,26,600,640,55,0.2772727272727272
LSZH,27,27,340,420,18,0.4203703703703703
LSZH,26,26,345,420,22,0.4925925925925926
LSZH,27,27,480,540,44,0.3683333333333333
LSZH,27,27,780,862,11,0.4389999999999999
LSZH,27,27,600,620,44,0.3683333333333333
LSZH,26,26,480,540,55,0.2772727272727272
LSZH,26,26,540,600,55,0.2772727272727272
LSZH,27,27,540,600,44,0.3683333333333333
LSZH,26,26,1120,1250,35,0.4483333333333333
LSZH,26,26,820,920,66,0.5227528089887641
LSZH,10,10,480,660,92,0.4910550458715595
LSZH,11,11,780,900,170,0.4261574074074074
LSZH,10,10,780,879,26,0.3717391304347826
LSZH,10,10,320,420,51,0.1851694915254237
LSZH,22,22,820,900,11,0.1514705882352942
LSZH,22,22,340,384,11,0.4235294117647059
LSZH,21,21,600,620,32,0.0913636363636364
LSZH,21,21,480,540,32,0.0913636363636364
LSZH,21,21,540,600,32,0.0913636363636364
LSZH,13,13,780,800,54,0.4430147058823529
LSZH,13,13,1120,1220,25,0.5
LSZH,13,13,800,980,54,0.4430147058823529
LSZH,13,13,480,540,38,0.2813725490196078
LSZH,13,13,540,600,38,0.2813725490196078
LSZH,15,15,800,960,28,0.4477272727272727
LSZH,13,13,600,620,38,0.2813725490196078
LSZH,15,15,345,420,30,0.5330645161290323
LSZH,14,14,480,540,48,0.3287037037037037
LSZH,14,14,540,600,48,0.3287037037037037
LSZH,20,20,1160,1234,112,0.0956140350877193
LSZH,14,14,1140,1260,43,0.4275735294117647
LSZH,14,14,1020,1140,43,0.4275735294117647
LSZH,20,20,600,720,48,0.5276515151515151
LSZH,20,20,480,600,48,0.5276515151515151
LSZH,20,20,800,950,112,0.0956140350877193
LSZH,20,20,950,1160,112,0.0956140350877193
LSZH,14,14,600,620,48,0.3287037037037037
LSZH,14,14,800,940,59,-0.1265789473684209
LTFM,1,1,720,754,14,0.4681818181818181
LTFM,1,1,420,469,25,0.6575
LTFM,0,0,1140,1150,7,0.5615384615384615
LTFM,1,1,520,630,12,0.4903225806451613
LTFM,2,2,840,1001,42,0.6322727272727272
LTFM,2,2,1200,1320,60,0.2322463768115942
LTFM,2,2,820,840,42,0.6322727272727272
LTFM,2,2,1140,1200,60,0.2322463768115942
LTFM,18,18,360,480,91,0.6571120689655172
LTFM,3,3,820,920,13,0.6206521739130435
LTFM,24,24,1180,1280,30,0.2677631578947368
LTFM,7,7,1200,1280,30,0.2621428571428571
LTFM,6,6,1180,1300,66,0.5557471264367816
LTFM,9,9,1180,1260,17,0.3884615384615385
LTFM,11,11,840,935,5,0.6897058823529412
LTFM,21,21,840,930,21,0.2088709677419355
LTFM,14,14,800,840,17,0.6790322580645162
LTFM,14,14,840,960,17,0.6790322580645162
LTFM,14,14,750,800,17,0.6790322580645162
LTFM,20,20,1160,1280,16,0.5796296296296297
EBBR,29,48,1320,240,35,0.8434343434343434
EBBR,30,30,1040,1160,25,0.5397135416666666
EBBR,31,31,360,460,104,0.2278735632183908
EBBR,32,32,300,540,51,0.4548076923076923
EBBR,32,32,1020,1120,12,0.6875
EBBR,33,33,1020,1140,44,0.3083333333333333
EDDF,34,34,1000,1140,63,0.3887596899224805
EDDF,35,35,1000,1020,82,0.6857894736842105
EDDF,35,35,1020,1089,82,0.6857894736842105
EDDF,36,36,1050,1100,103,0.4259887005649717
EDDF,36,36,1170,1183,103,0.4259887005649717
EDDF,36,36,990,1050,103,0.4259887005649717
EDDF,36,36,1100,1170,103,0.4259887005649717
EDDF,37,37,440,519,96,0.5165266106442578
EDDF,37,37,390,440,96,0.5165266106442578
EDDF,38,38,1017,1260,79,0.4397101449275362
EDDF,38,38,1000,1017,79,0.4397101449275362
EDDF,37,37,280,390,96,0.5165266106442578
EDDF,38,38,760,867,27,0.4848258706467662
EDDF,39,39,950,979,104,0.6606442577030812
EDDF,39,39,780,900,104,0.6606442577030812
EDDF,39,39,900,950,104,0.6606442577030812
EDDF,40,40,740,1200,175,0.6610576923076923
EDDF,40,40,1200,1224,175,0.6610576923076923
EDDF,31,31,940,980,91,0.61
EDDF,31,31,980,1050,91,0.61
EDDF,31,31,1050,1138,91,0.61
EDDF,41,41,740,940,51,0.5163841807909605
EDDF,42,42,1020,1180,51,0.4164965986394558
EDDL,46,46,420,500,17,0.5959595959595959
EDDL,46,46,500,520,17,0.5959595959595959
EDDL,35,35,1140,1165,58,0.7044356609574001
EDDL,35,35,1165,1280,58,0.7044356609574001
EDDL,35,35,920,1000,58,0.7044356609574001
EDDL,35,35,1000,1140,58,0.7044356609574001
EDDL,34,34,920,1000,7,0.390749601275917
EDDL,47,47,1160,1260,30,0.3930211202938475
EDDL,36,36,420,500,12,0.1487603305785124
EDDL,48,48,1140,1260,35,0.1205936920222634
EDDL,29,29,880,1000,15,0.5550964187327825
EDDL,29,29,1160,1260,25,0.339572192513369
EDDL,39,39,800,980,11,0.6043771043771043
EDDL,49,49,400,500,26,0.527056277056277
EDDL,49,49,500,520,26,0.527056277056277
EDDL,39,39,1020,1140,11,0.6477272727272727
EDDL,39,39,1160,1260,13,0.6505050505050506
EDDL,49,49,1160,1260,32,0.3257575757575757
EDDL,30,30,1160,1260,25,0.4924242424242424
EDDL,50,50,1160,1260,20,0.5151515151515151
EDDL,51,51,1160,1260,13,0.2196969696969697
EDDL,40,40,1160,1260,12,0.4375
EDDL,40,40,640,760,19,0.2878787878787879
EDDL,31,31,1140,1150,30,0.3680555555555555
EDDL,31,31,930,1001,23,0.7282502443792767
EDDL,41,41,600,760,17,0.7509881422924901
EDDL,33,33,1160,1260,19,0.3971861471861472
EDDL,32,32,1160,1280,21,0.480257116620753
EDDL,32,32,400,500,19,0.5050505050505051
EDDL,33,33,1020,1140,42,0.4814271749755621
EDDL,43,43,1160,1280,19,0.4106583072100314
EDDL,52,52,1160,1260,19,0.4621212121212121
EDDL,52,52,420,500,10,0.7079889807162534
EDDL,53,53,660,780,14,0.7613636363636364
EDDL,54,54,700,780,8,0.506060606060606
EDDL,44,44,1160,1260,23,0.1328175370728562
EDDL,42,42,1160,1260,25,0.3363636363636364
EDDM,35,35,900,969,14,0.685823754789272
EDDM,35,35,1080,1220,32,0.6665360501567398
EDDM,35,35,440,540,38,0.6471264367816092
EDDM,35,35,680,780,45,0.488939492517892
EDDM,55,55,440,540,67,0.3092536010475775
EDDM,55,55,540,600,67,0.3092536010475775
EDDM,48,48,1040,1080,8,0.5794010889292196
EDDM,48,48,930,1040,8,0.5794010889292196
EDDM,49,49,280,304,172,0.8070394854386279
EDDM,40,40,680,840,39,0.4785362420830401
EDDM,40,40,900,1020,64,0.4426014840680926
EDDM,40,40,1020,1080,64,0.4426014840680926
EDDM,41,41,340,553,65,0.7113120269133726
EDDM,41,41,280,340,65,0.7113120269133726
EDDM,53,53,680,758,25,0.5424403183023873
EDDM,40,40,1100,1220,9,0.6422413793103449
EDDM,31,31,1050,1140,10,0.8152709359605911
EDDM,31,31,1140,1200,10,0.8152709359605911
EDDM,37,37,960,1030,11,0.604679802955665
EDDM,37,37,930,960,11,0.604679802955665
EDDM,41,41,900,1002,11,0.7100313479623825
EGCC,39,39,340,437,12,0.556712962962963
EGCC,43,43,1160,1296,10,0.7296195652173914
EGKK,45,45,960,1160,62,0.1938061938061937
EGKK,46,46,360,497,137,0.5083612040133779
EGKK,46,46,620,765,52,0.5331061343719571
EGKK,45,45,360,600,105,0.2862637362637362
EGKK,45,45,600,858,105,0.2862637362637362
EGKK,34,34,380,440,171,0.4033444816053512
EGKK,55,55,360,440,17,0.2853598014888337
EGKK,35,35,340,400,245,0.3871374527112232
EGKK,34,34,440,1220,171,0.4033444816053512
EGKK,55,55,540,1015,131,0.4369230769230769
EGKK,35,35,1080,1260,245,0.3871374527112232
EGKK,35,35,400,1080,245,0.3871374527112232
EGKK,35,35,1260,1306,245,0.3871374527112232
EGKK,36,36,890,1000,178,0.4196104324859689
EGKK,36,36,1000,1060,178,0.4196104324859689
EGKK,36,36,1060,1100,178,0.4196104324859689
EGKK,47,47,360,481,23,0.3034188034188034
EGKK,36,36,1100,1336,178,0.4196104324859689
EGKK,36,36,540,890,178,0.4196104324859689
EGKK,36,36,360,449,27,0.2140039447731756
EGKK,38,38,520,1144,174,0.2048697270471464
EGKK,38,38,340,520,174,0.2048697270471464
EGKK,48,48,420,446,205,0.3646506165590135
EGKK,48,48,340,420,205,0.3646506165590135
EGKK,56,56,500,800,123,0.2595604395604395
EGKK,56,56,360,500,123,0.2595604395604395
EGKK,48,48,540,1186,169,0.2490251683800071
EGKK,29,29,720,1140,167,0.1317438217890706
EGKK,49,49,960,1172,265,0.2920602789023841
EGKK,49,49,410,540,265,0.2920602789023841
EGKK,39,39,540,1200,305,0.4817165593027662
EGKK,49,49,720,960,265,0.2920602789023841
EGKK,49,49,660,720,265,0.2920602789023841
EGKK,49,49,540,660,265,0.2920602789023841
EGKK,49,49,360,410,265,0.2920602789023841
EGKK,39,39,1200,1408,305,0.4817165593027662
EGKK,39,39,360,540,305,0.4817165593027662
EGKK,50,50,855,905,332,0.1889712696941613
EGKK,50,50,990,1155,332,0.1889712696941613
EGKK,51,51,1200,1232,262,0.0237388724035608
EGKK,30,30,300,450,166,0.3999361634216406
EGKK,51,51,670,1200,262,0.0237388724035608
EGKK,50,50,380,855,332,0.1889712696941613
EGKK,50,50,905,990,332,0.1889712696941613
EGKK,30,30,450,500,166,0.3999361634216406
EGKK,50,50,1155,1290,332,0.1889712696941613
EGKK,30,30,500,1181,166,0.3999361634216406
EGKK,50,50,1290,1380,332,0.1889712696941613
EGKK,51,51,320,460,262,0.0237388724035608
EGKK,51,51,460,670,262,0.0237388724035608
EGKK,50,50,320,380,332,0.1889712696941613
EGKK,40,40,540,610,205,0.4212765957446808
EGKK,40,40,810,1177,205,0.4212765957446808
EGKK,40,40,610,810,205,0.4212765957446808
EGKK,40,40,360,540,205,0.4212765957446808
EGKK,40,40,240,360,5,0.7417582417582417
EGKK,40,40,1240,1330,30,0.3426573426573427
EGKK,31,31,340,390,261,0.5558069381598794
EGKK,41,41,660,690,117,0.0821559392987964
EGKK,41,41,690,735,117,0.0821559392987964
EGKK,31,31,390,603,261,0.5558069381598794
EGKK,41,41,735,760,117,0.0821559392987964
EGKK,31,31,680,990,261,0.5558069381598794
EGKK,41,41,600,660,117,0.0821559392987964
EGKK,31,41,1380,45,12,0.6703296703296704
EGKK,31,31,990,1065,261,0.5558069381598794
EGKK,41,41,1120,1171,1,0.6794871794871794
EGKK,41,41,760,948,117,0.0821559392987964
EGKK,31,31,603,680,261,0.5558069381598794
EGKK,31,31,1065,1347,261,0.5558069381598794
EGKK,33,33,340,520,296,0.1962172442941673
EGKK,43,43,900,1180,82,0.014839491217444
EGKK,32,32,600,731,112,0.3375796178343949
EGKK,32,32,1380,1391,110,0.8324592074592074
EGKK,43,43,520,786,83,0.301041064198959
EGKK,32,32,1180,1380,110,0.8324592074592074
EGKK,43,43,360,520,83,0.301041064198959
EGKK,32,32,340,600,112,0.3375796178343949
EGKK,32,32,960,1180,110,0.8324592074592074
EGKK,33,33,520,540,296,0.1962172442941673
EGKK,33,33,540,1142,296,0.1962172442941673
EGKK,52,52,760,840,131,0.4523166891587944
EGKK,52,52,840,1050,131,0.4523166891587944
EGKK,52,52,1050,1120,131,0.4523166891587944
EGKK,53,53,660,1142,144,0.1755479157713794
EGKK,52,52,1120,1240,131,0.4523166891587944
EGKK,52,52,1240,1283,131,0.4523166891587944
EGKK,44,44,360,404,16,0.1061007957559681
EGKK,54,54,960,995,118,0.3548140601120734
EGKK,54,54,1090,1163,118,0.3548140601120734
EGKK,54,54,920,960,118,0.3548140601120734
EGKK,44,44,580,720,158,0.3138606676342526
EGKK,42,42,540,870,177,0.3518255937610776
EGKK,42,42,360,463,27,0.3967611336032389
EGKK,44,44,925,1201,158,0.3138606676342526
EGKK,54,54,340,480,58,-0.299908424908425
EGKK,44,44,720,810,158,0.3138606676342526
EGKK,42,42,870,970,177,0.3518255937610776
EGKK,42,42,970,1140,177,0.3518255937610776
EGKK,54,54,995,1090,118,0.3548140601120734
EGKK,42,42,1140,1192,177,0.3518255937610776
EGKK,54,54,600,920,79,0.4544012688342586
EGKK,44,44,810,925,158,0.3138606676342526
EGLL,46,46,1080,1165,149,0.5191562634524322
EGLL,46,46,800,1080,149,0.5191562634524322
EGLL,35,35,360,1020,207,0.461728169528681
EGLL,35,35,1020,1168,207,0.461728169528681
EGLL,55,55,280,1010,254,0.5484324164448389
EGLL,34,34,600,660,134,0.4685354691075515
EGLL,55,55,1010,1090,254,0.5484324164448389
EGLL,55,55,1090,1164,254,0.5484324164448389
EGLL,34,34,660,729,134,0.4685354691075515
EGLL,34,34,340,380,134,0.4685354691075515
EGLL,34,34,380,500,134,0.4685354691075515
EGLL,34,34,500,600,134,0.4685354691075515
EGLL,36,36,280,400,245,0.5743361540706157
EGLL,36,36,960,1260,245,0.5743361540706157
EGLL,36,36,400,960,245,0.5743361540706157
EGLL,47,47,960,1090,40,0.4823566477630749
EGLL,47,47,500,758,70,0.6158716758125792
EGLL,38,38,926,1164,137,0.4823122529644269
EGLL,37,37,860,1143,58,0.6794166208035223
EGLL,38,38,600,926,137,0.4823122529644269
EGLL,50,50,1090,1160,285,0.5488978199975643
EGLL,30,30,300,440,98,0.4589761570827489
EGLL,30,30,800,911,15,0.6682194616977225
EGLL,30,30,440,580,98,0.4589761570827489
EGLL,50,50,1020,1090,285,0.5488978199975643
EGLL,50,50,540,1020,285,0.5488978199975643
EGLL,30,30,580,651,98,0.4589761570827489
EGLL,50,50,1160,1254,285,0.5488978199975643
EGLL,40,40,1080,1150,49,0.5686335403726709
EGLL,40,40,980,1080,49,0.5686335403726709
EGLL,31,31,601,650,257,0.5895459472479826
EGLL,31,31,990,1175,257,0.5895459472479826
EGLL,31,31,825,990,257,0.5895459472479826
EGLL,31,31,300,601,257,0.5895459472479826
EGLL,31,31,650,825,257,0.5895459472479826
EGLL,32,32,1060,1408,78,0.6328502415458938
EGLL,33,33,340,500,97,0.4946628482166102
EGLL,32,32,900,1060,78,0.6328502415458938
EGLL,33,33,500,844,97,0.4946628482166102
EGLL,42,42,1140,1168,156,0.489975845410628
EGLL,54,54,480,850,174,0.4260869565217391
EGLL,54,54,850,1020,174,0.4260869565217391
EGLL,44,44,980,1180,66,0.3934081346423562
EGLL,42,42,760,1140,156,0.489975845410628
EGSS,34,34,1260,1290,38,0.8747763864042934
EGSS,34,34,1290,1436,38,0.8747763864042934
EGSS,38,38,1280,1335,14,0.4458041958041958
EGSS,56,56,360,411,13,0.2630769230769231
EGSS,31,31,720,792,36,0.2982905982905983
EGSS,52,52,1020,1101,15,0.3626373626373625
EHAM,46,46,320,420,80,0.2853525516166732
EHAM,45,45,640,680,34,0.6664438502673796
EHAM,45,45,560,640,34,0.6664438502673796
EHAM,46,46,980,1080,80,0.6264282691493863
EHAM,45,45,320,420,41,0.4072192513368983
EHAM,45,45,960,1080,42,0.4887770897832817
EHAM,35,35,640,680,120,0.700644641418211
EHAM,55,55,560,640,247,0.4668719473348907
EHAM,55,55,420,520,247,0.4668719473348907
EHAM,35,35,830,920,120,0.700644641418211
EHAM,35,35,1100,1220,31,0.921945701357466
EHAM,55,55,640,680,247,0.4668719473348907
EHAM,35,35,320,420,116,0.4700880352140856
EHAM,55,55,760,830,247,0.4668719473348907
EHAM,35,35,560,640,116,0.4700880352140856
EHAM,55,55,520,560,247,0.4668719473348907
EHAM,55,55,980,1080,88,0.1839402427637721
EHAM,35,35,520,560,116,0.4700880352140856
EHAM,55,55,680,760,247,0.4668719473348907
EHAM,55,55,830,900,247,0.4668719473348907
EHAM,55,55,320,420,247,0.4668719473348907
EHAM,35,35,680,760,120,0.700644641418211
EHAM,35,35,420,520,116,0.4700880352140856
EHAM,35,35,760,830,120,0.700644641418211
EHAM,36,36,560,640,18,0.691764705882353
EHAM,36,55,1230,0,100,0.9457107843137256
EHAM,36,36,1095,1230,100,0.9457107843137256
EHAM,36,36,320,420,52,0.2382779198635976
EHAM,47,47,320,420,139,0.0372683319903303
EHAM,36,36,1140,1220,3,0.7436974789915967
EHAM,36,36,980,1100,103,0.6965073529411764
EHAM,37,37,320,420,51,0.2864782276546982
EHAM,37,37,1000,1080,74,0.4996967859308672
EHAM,38,38,980,1060,28,0.5661764705882353
EHAM,29,29,980,1060,48,0.4168273866923819
EHAM,39,39,320,420,270,0.1863867684478371
EHAM,39,39,1080,1220,249,0.5693802521008403
EHAM,49,49,320,420,91,0.3437044239183276
EHAM,49,49,1000,1080,117,0.549342105263158
EHAM,39,39,560,960,249,0.5693802521008403
EHAM,39,39,960,1080,249,0.5693802521008403
EHAM,30,30,320,420,33,0.6342952275249722
EHAM,50,50,420,520,160,0.131376887038001
EHAM,51,51,1000,1080,47,0.5802987861811391
EHAM,50,50,520,560,160,0.131376887038001
EHAM,50,50,320,420,160,0.131376887038001
EHAM,30,30,980,1080,33,0.6822845417236661
EHAM,30,30,620,680,15,0.3830882352941176
EHAM,40,40,280,320,96,0.6392494929006085
EHAM,40,40,320,420,96,0.6392494929006085
EHAM,40,40,1000,1080,28,0.5630252100840336
EHAM,31,31,680,760,34,0.7429096638655461
EHAM,31,31,320,420,48,0.3780542986425339
EHAM,31,31,760,830,34,0.7429096638655461
EHAM,31,31,1000,1080,35,0.2904411764705882
EHAM,32,32,420,500,37,0.5511204481792716
EHAM,43,43,960,970,1,0.4852941176470588
EHAM,43,43,840,870,383,0.7247805581029738
EHAM,32,32,800,860,232,0.4140967066438226
EHAM,43,43,320,420,39,0.4969654528478057
EHAM,32,32,980,990,36,0.6171726755218216
EHAM,43,43,870,1260,383,0.7247805581029738
EHAM,32,32,250,300,7,0.6647058823529413
EHAM,33,33,300,400,227,0.2274101307189542
EHAM,53,53,320,400,34,0.5573817762399078
EHAM,52,52,980,1080,78,0.2484140715109573
EHAM,53,53,960,1060,87,0.1481322455989695
EHAM,54,54,700,760,56,0.5929351121892055
EHAM,42,42,440,500,124,0.5030741110003324
EHAM,42,42,560,620,124,0.5030741110003324
EHAM,54,54,260,294,251,0.4185164631890491
EHAM,54,54,500,560,56,0.5929351121892055
EHAM,42,42,940,1080,75,0.498763056624519
EHAM,42,42,280,320,124,0.5030741110003324
EHAM,44,44,600,620,16,0.5965818759936407
EHAM,44,44,620,680,16,0.5965818759936407
EHAM,44,44,980,1080,52,0.4065269943593876
EHAM,54,54,640,700,56,0.5929351121892055
EHAM,54,54,560,640,56,0.5929351121892055
EHAM,42,42,320,440,124,0.5030741110003324
EHAM,42,42,500,560,124,0.5030741110003324
EIDW,47,47,462,632,41,0.621875
EIDW,47,47,342,462,41,0.621875
EIDW,29,29,360,403,3,0.5625
EIDW,42,42,780,829,7,0.65
ENGM,47,47,720,1079,88,0.3389336917562724
ENGM,47,47,280,363,14,-0.1218637992831542
ENGM,50,50,780,920,43,0.3888888888888889
ENGM,43,43,420,540,13,0.6944444444444444
ENGM,43,43,540,561,13,0.6944444444444444
ENGM,42,42,800,1040,48,0.4632616487455196
ENGM,42,42,780,800,48,0.4632616487455196
ENGM,43,43,280,420,20,0.3547619047619048
ENGM,53,53,800,850,50,0.5824915824915825
ENGM,53,53,720,800,50,0.5824915824915825
ENGM,53,53,850,1080,50,0.5824915824915825
ESSA,36,36,300,350,7,0.3636363636363636
ESSA,50,50,600,821,38,0.52280348759222
ESSA,51,51,660,1060,68,0.6356693620844565
ESSA,31,31,740,886,24,0.6873015873015873
ESSA,31,31,886,980,24,0.6873015873015873
ESSA,42,42,1020,1040,11,0.7431077694235588
ESSA,42,42,920,1020,11,0.7431077694235588
LEBL,35,35,180,235,74,0.3450057405281285
LEBL,46,46,1020,1120,31,0.0903010033444815
LEBL,35,35,1060,1160,20,0.4276923076923077
LEBL,35,35,340,448,74,0.3450057405281285
LEBL,46,46,480,540,11,0.2857142857142857
LEBL,45,45,480,560,8,0.7273954116059379
LEBL,35,35,1260,1362,39,-0.0015540015540015
LEBL,35,35,660,740,5,0.4581196581196581
LEBL,35,35,235,340,74,0.3450057405281285
LEBL,55,55,480,620,37,-0.0789743589743589
LEBL,34,34,1260,1360,28,0.469886702444842
LEBL,36,36,1260,1400,32,0.5220797720797721
LEBL,47,47,600,620,37,0.4180790960451978
LEBL,47,47,1000,1100,12,0.5641025641025641
LEBL,36,36,1100,1180,10,0.3181386514719848
LEBL,47,47,480,600,37,0.4180790960451978
LEBL,47,47,1260,1360,19,0.3837882547559967
LEBL,36,36,480,720,124,0.5254884004884005
LEBL,37,37,480,569,68,0.7799581371009943
LEBL,37,37,360,422,70,0.5281593406593407
LEBL,37,37,340,360,70,0.5281593406593407
LEBL,56,56,1260,1340,11,0.5602564102564103
LEBL,29,29,480,680,46,0.2861538461538461
LEBL,48,48,1260,1320,31,-0.0558312655086849
LEBL,39,39,1000,1100,29,0.0438596491228069
LEBL,49,49,540,620,41,0.2948717948717949
LEBL,39,39,1260,1380,41,0.3797313797313797
LEBL,49,49,480,540,41,0.2948717948717949
LEBL,30,30,1000,1140,32,0.2587412587412587
LEBL,51,51,1260,1320,58,0.4705294705294706
LEBL,51,51,480,540,12,0.2610722610722611
LEBL,50,50,480,560,65,0.4351577909270217
LEBL,50,50,1260,1320,5,0.1057692307692307
LEBL,51,51,1320,1365,58,0.4705294705294706
LEBL,50,50,920,1000,6,0.4139194139194139
LEBL,41,41,920,945,180,0.4343542260208926
LEBL,40,40,1260,1320,45,0.3231837606837607
LEBL,41,41,851,920,180,0.4343542260208926
LEBL,41,41,945,1006,180,0.4343542260208926
LEBL,41,41,800,851,180,0.4343542260208926
LEBL,40,40,1320,1380,45,0.3231837606837607
LEBL,41,41,500,643,180,0.4343542260208926
LEBL,41,41,460,500,180,0.4343542260208926
LEBL,41,41,680,740,180,0.4343542260208926
LEBL,41,41,740,800,180,0.4343542260208926
LEBL,41,41,300,460,180,0.4343542260208926
LEBL,31,31,1260,1320,21,0.7663817663817664
LEBL,31,31,540,760,80,0.1531654186521443
LEBL,31,31,1000,1140,51,0.0941052075072693
LEBL,31,31,1320,1360,21,0.7663817663817664
LEBL,31,31,480,551,5,0.652014652014652
LEBL,33,33,1320,1400,56,0.1232423490488006
LEBL,33,33,1260,1320,56,0.1232423490488006
LEBL,32,32,440,620,76,0.182028182028182
LEBL,32,32,380,440,76,0.182028182028182
LEBL,33,33,480,560,95,-0.1711220221858519
LEBL,33,33,980,1060,34,0.085180356366797
LEBL,52,52,980,1080,11,0.5797101449275363
LEBL,54,54,1260,1340,26,0.3037904124860647
LEBL,54,54,480,560,26,0.2751212751212751
LEBL,53,53,980,1100,76,0.0604929051530993
LEBL,54,54,940,970,3,0.6959706959706959
LEBL,53,53,1260,1371,75,0.0103066867772749
LEBL,54,54,970,1020,3,0.6959706959706959
LEBL,44,44,480,630,45,0.3560852293246659
LEBL,44,44,1260,1350,19,0.7518315018315018
LEBL,42,42,480,600,46,0.5170940170940171
LEBL,42,42,1320,1340,11,0.6348364279398763
LEBL,42,42,600,660,46,0.5170940170940171
LEBL,42,42,980,1120,39,0.0084134615384615
LEBL,44,44,1075,1120,23,0.6600496277915633
LEBL,44,44,1040,1075,23,0.6600496277915633
LEBL,42,42,1260,1320,11,0.6348364279398763
LEMD,46,46,720,767,57,0.0588235294117647
LEMD,45,45,440,520,35,0.2688536953242835
LEMD,45,45,740,840,78,0.3119429590017825
LEMD,35,35,740,800,26,0.0789915966386555
LEMD,34,34,640,700,35,0.5181554103122731
LEMD,55,55,720,820,30,0.6239907727797002
LEMD,36,36,1160,1220,55,0.8135026737967914
LEMD,47,47,1260,1350,19,0.7670588235294117
LEMD,47,47,1180,1195,9,0.6147635524798154
LEMD,47,47,640,810,27,0.5869495339119254
LEMD,36,36,460,540,30,0.2442067736185383
LEMD,36,36,1140,1160,55,0.8135026737967914
LEMD,36,36,660,820,81,0.5774886877828054
LEMD,38,38,740,820,49,0.5230226922229566
LEMD,37,37,660,820,97,0.1456356736242884
LEMD,48,48,1160,1240,52,0.5134453781512606
LEMD,29,29,1120,1200,5,0.8025210084033614
LEMD,48,48,740,800,37,0.5562817719680465
LEMD,29,29,700,780,47,0.5912364945978391
LEMD,56,56,720,820,45,0.5477941176470589
LEMD,49,49,660,820,103,0.4458521870286576
LEMD,39,39,1140,1220,20,0.5343137254901961
LEMD,49,49,440,540,24,0.5437908496732027
LEMD,49,49,1260,1340,131,0.5958732330141359
LEMD,49,49,1160,1260,131,0.5958732330141359
LEMD,39,39,660,760,56,0.5429278507519513
LEMD,39,39,440,540,20,0.5131516021042564
LEMD,51,51,440,540,77,0.5775713794289645
LEMD,30,30,1140,1230,48,0.4429193899782135
LEMD,30,30,720,780,31,0.3034055727554179
LEMD,30,30,1260,1350,48,0.4429193899782135
LEMD,30,30,1230,1260,48,0.4429193899782135
LEMD,50,50,720,820,55,0.492845786963434
LEMD,51,51,720,743,51,0.7075393537696769
LEMD,51,51,700,720,51,0.7075393537696769
LEMD,50,50,460,520,74,0.6975308641975309
LEMD,30,30,440,500,5,0.6392156862745099
LEMD,50,50,1260,1320,29,0.3534571723426212
LEMD,50,50,1220,1260,29,0.3534571723426212
LEMD,51,51,1140,1240,30,0.5098039215686274
LEMD,51,51,743,820,51,0.7075393537696769
LEMD,40,40,740,800,44,0.7428887047776856
LEMD,40,40,1180,1230,116,0.6412397216951297
LEMD,40,40,1230,1260,116,0.6412397216951297
LEMD,40,40,1260,1380,116,0.6412397216951297
LEMD,31,31,740,840,99,0.4293239683933275
LEMD,31,31,1260,1320,51,0.5500515995872033
LEMD,31,31,440,540,24,0.6424697538589905
LEMD,31,31,1140,1230,51,0.5500515995872033
LEMD,31,31,1230,1260,51,0.5500515995872033
LEMD,43,43,720,820,68,0.1698679471788715
LEMD,33,33,960,1290,159,0.2122140522875816
LEMD,32,32,1260,1400,76,0.3024955436720143
LEMD,43,43,420,520,52,0.2102187028657617
LEMD,33,33,700,820,60,0.3375565610859728
LEMD,33,33,440,540,48,0.3640350877192982
LEMD,33,33,1290,1350,159,0.2122140522875816
LEMD,43,43,1230,1260,51,0.4950308890679559
LEMD,43,43,1140,1230,51,0.4950308890679559
LEMD,32,32,1180,1260,76,0.3024955436720143
LEMD,43,43,1260,1317,51,0.4950308890679559
LEMD,53,53,1220,1340,52,0.3224400871459694
LEMD,53,53,1180,1220,52,0.3224400871459694
LEMD,52,52,440,520,27,0.5397923875432526
LEMD,52,52,1120,1220,25,0.8663398692810458
LEMD,54,54,720,800,47,0.6388361796331435
LEMD,53,53,720,800,21,0.7232704402515724
LEMD,42,42,640,800,48,0.5288264559555165
LEMD,42,42,1230,1260,56,0.4020734730673878
LEMD,42,42,1140,1230,56,0.4020734730673878
LEMD,42,42,440,520,13,0.5196078431372549
LEMD,42,42,1260,1300,56,0.4020734730673878
LEMD,44,44,660,820,73,0.4313725490196078
LFPG,35,35,1000,1060,35,0.7914987912973409
LFPG,46,46,360,440,25,0.4922572960095294
LFPG,45,45,1000,1100,49,0.4901289282836422
LFPG,35,35,1060,1080,35,0.7914987912973409
LFPG,35,35,660,760,14,0.5779517286366601
LFPG,35,35,1140,1220,35,0.7914987912973409
LFPG,35,35,840,940,33,0.7368114252404547
LFPG,35,35,1080,1140,35,0.7914987912973409
LFPG,35,35,1000,1010,4,0.7585616438356164
LFPG,36,36,520,540,139,0.6675799086757991
LFPG,36,36,745,860,139,0.6675799086757991
LFPG,36,36,860,980,139,0.6675799086757991
LFPG,36,36,540,620,139,0.6675799086757991
LFPG,36,36,620,630,139,0.6675799086757991
LFPG,36,36,630,745,139,0.6675799086757991
LFPG,38,38,680,740,14,0.6169457128361238
LFPG,50,50,1040,1140,42,0.3759512937595129
LFPG,31,31,300,330,9,0.745814307458143
LFPG,31,31,480,660,18,0.6844422700587084
LFPG,31,31,1020,1078,9,0.7924130663856691
LFPG,32,32,1040,1140,35,0.5840597758405978
LFPG,54,54,540,550,1,0.410958904109589
LFPO,51,51,990,1000,0,0.6447368421052632
LFPO,45,45,1180,1240,20,0.3909774436090226
LFPO,35,35,1220,1230,2,0.5043859649122807
LFPO,35,35,320,400,15,0.4802631578947368
LFPO,46,46,1160,1280,24,0.214377406931964
LFPO,35,35,560,660,9,0.6331269349845201
LFPO,45,45,540,640,9,0.6263157894736843
LFPO,35,35,840,1000,10,0.6829573934837093
LFPO,45,45,1240,1290,20,0.3909774436090226
LFPO,35,35,1000,1060,10,0.6829573934837093
LFPO,34,34,1260,1290,66,0.7332123411978222
LFPO,34,34,1140,1260,66,0.7332123411978222
LFPO,47,47,1220,1280,11,0.4511278195488721
LFPO,36,36,360,480,4,0.4183303085299455
LFPO,36,36,1200,1290,19,0.7214912280701754
LFPO,36,36,1120,1200,19,0.7214912280701754
LFPO,37,37,1180,1290,14,0.7379862700228832
LFPO,38,38,540,660,15,0.4291979949874687
LFPO,37,37,540,690,25,0.4397660818713451
LFPO,29,29,1260,1280,30,0.5692803437164339
LFPO,48,48,560,640,16,0.3894736842105263
LFPO,48,48,1220,1280,10,0.3983253588516746
LFPO,29,29,1180,1260,30,0.5692803437164339
LFPO,29,29,1120,1180,30,0.5692803437164339
LFPO,49,49,360,420,11,-0.2548476454293628
LFPO,39,39,660,720,18,0.1693657219973009
LFPO,39,39,1040,1050,7,-0.1743421052631578
LFPO,49,49,560,660,74,0.4035757332261953
LFPO,39,39,600,660,18,0.1693657219973009
LFPO,50,50,560,700,35,0.7778768956289027
LFPO,51,51,990,1110,9,0.4453441295546558
LFPO,30,30,560,680,29,0.5455712451861361
LFPO,30,30,1160,1290,36,0.0986842105263157
LFPO,30,30,360,440,4,0.2506925207756232
LFPO,51,51,580,660,11,0.8002699055330634
LFPO,51,51,1160,1290,20,0.1680622009569378
LFPO,32,32,1170,1290,16,0.6776315789473685
LGAV,45,45,900,1200,65,0.1840087623220153
LGAV,35,35,670,724,83,0.106060606060606
LGAV,35,35,500,520,83,0.106060606060606
LGAV,45,45,500,860,73,0.0639894086496027
LGAV,35,35,520,670,83,0.106060606060606
LGAV,55,55,480,710,166,0.162569573283859
LGAV,55,55,710,1200,166,0.162569573283859
LGAV,47,47,340,480,168,0.1666666666666667
LGAV,47,47,600,1240,168,0.1666666666666667
LGAV,36,36,500,780,158,0.0565237870937353
LGAV,47,47,480,600,168,0.1666666666666667
LGAV,36,36,780,1100,158,0.0565237870937353
LGAV,29,29,1080,1220,68,-0.0656565656565655
LGAV,56,56,1060,1260,193,0.1918059518956379
LGAV,56,56,500,1060,193,0.1918059518956379
LGAV,29,29,980,1080,68,-0.0656565656565655
LGAV,49,49,340,400,248,0.020151515151515
LGAV,49,49,400,1280,248,0.020151515151515
LGAV,30,30,740,1260,173,0.1618675442204854
LGAV,50,50,720,1200,169,0.0923753665689149
LGAV,50,50,500,660,169,0.0923753665689149
LGAV,30,30,500,740,173,0.1618675442204854
LGAV,50,50,660,720,169,0.0923753665689149
LGAV,30,30,340,420,12,-0.2859848484848485
LGAV,50,50,300,400,199,0.3618955512572533
LGAV,41,41,260,334,14,-0.7026515151515152
LGAV,40,40,960,1010,214,0.0695773524720893
LGAV,40,40,500,960,214,0.0695773524720893
LGAV,40,40,1010,1200,214,0.0695773524720893
LGAV,32,32,655,945,244,0.1752543485395471
LGAV,32,32,480,655,244,0.1752543485395471
LGAV,32,32,945,1320,244,0.1752543485395471
LGAV,31,31,520,1260,197,-0.0483471074380164
LGAV,33,33,500,540,100,-0.0763293310463122
LGAV,43,43,340,400,7,-0.1626794258373205
LGAV,43,43,1080,1120,181,-0.0325581395348837
LGAV,43,43,780,960,181,-0.0325581395348837
LGAV,33,33,540,780,100,-0.0763293310463122
LGAV,43,43,1120,1230,181,-0.0325581395348837
LGAV,43,43,680,780,181,-0.0325581395348837
LGAV,33,33,900,1200,51,0.2409713574097135
LGAV,43,43,600,680,181,-0.0325581395348837
LGAV,43,43,520,600,181,-0.0325581395348837
LGAV,33,33,300,440,206,0.2306595365418894
LGAV,43,43,960,1080,181,-0.0325581395348837
LGAV,54,54,540,880,198,0.281894576012223
LGAV,54,54,500,540,198,0.281894576012223
LGAV,54,54,940,1220,198,0.281894576012223
LGAV,54,54,880,940,198,0.281894576012223
LGAV,44,44,340,350,10,0.3210227272727273
LGAV,42,42,500,660,193,0.037109375
LGAV,44,44,760,940,197,0.0415742793791574
LGAV,42,42,960,1340,193,0.037109375
LGAV,44,44,600,760,197,0.0415742793791574
LGAV,44,44,1040,1280,197,0.0415742793791574
LGAV,44,44,940,1040,197,0.0415742793791574
LGAV,44,44,480,600,197,0.0415742793791574
LGAV,42,42,660,960,193,0.037109375
LIMC,35,35,880,1140,32,0.756125356125356
LIMC,35,35,480,600,29,0.1229603729603729
LIMC,35,35,618,658,1,0.4230769230769231
LIMC,34,34,1040,1125,38,0.5892307692307692
LIMC,34,34,960,1040,38,0.5892307692307692
LIMC,36,36,960,1111,77,0.1226935058710759
LIMC,36,36,913,952,3,0.2735042735042735
LIMC,37,37,1180,1340,24,0.6782464846980977
LIMC,38,38,1280,1351,1,0.3547008547008546
LIMC,37,37,900,1014,26,0.684885290148448
LIMC,47,47,866,940,7,0.6117216117216118
LIMC,47,47,565,651,5,0.6974358974358974
LIMC,29,29,1260,1340,13,0.0822281167108752
LIMC,48,48,497,653,6,0.6709401709401709
LIMC,29,29,980,1160,39,0.4806605823554976
LIMC,48,48,860,897,5,0.4547008547008547
LIMC,29,29,497,695,3,0.547008547008547
LIMC,30,30,960,1038,15,0.4809255784865541
LIMC,39,39,1020,1200,65,0.389363722697056
LIMC,39,39,690,810,8,0.5990675990675991
LIMC,56,56,433,620,4,0.4423076923076923
LIMC,50,50,580,640,19,0.1886446886446886
LIMC,51,51,968,1028,3,0.5384615384615384
LIMC,30,30,523,660,3,0.6282051282051282
LIMC,51,51,510,591,35,0.3802376485303314
LIMC,50,50,960,1036,19,0.2231462231462231
LIMC,41,41,1000,1040,54,0.6879217273954117
LIMC,41,41,1040,1105,54,0.6879217273954117
LIMC,41,41,1105,1258,54,0.6879217273954117
LIMC,41,41,900,1000,54,0.6879217273954117
LIMC,40,40,1080,1170,13,0.7112597547380156
LIMC,41,41,480,620,16,0.492439184746877
LIRF,48,48,300,341,20,0.6022222222222221
LIRF,40,40,280,480,44,0.6606929510155316
LIRF,40,40,600,720,37,0.5168350168350169
LOWW,35,35,820,900,109,0.0927734375
LOWW,35,35,940,1080,18,0.749
LOWW,55,55,980,1100,20,0.60625
LOWW,37,37,960,1080,12,0.3102272727272727
LOWW,38,38,340,635,41,0.5929166666666666
LOWW,56,56,1200,1260,4,0.65625
LOWW,56,56,860,870,29,0.7421428571428571
LOWW,56,56,885,1120,29,0.7421428571428571
LOWW,56,56,870,885,29,0.7421428571428571
LOWW,56,56,540,630,12,0.65
LOWW,30,30,860,900,47,0.505
LOWW,30,30,810,860,47,0.505
LOWW,30,30,900,1100,47,0.505
LOWW,51,51,1000,1080,6,0.4442307692307692
LOWW,50,50,360,460,22,0.4633928571428571
LOWW,41,41,360,480,9,0.575
LOWW,41,41,540,660,15,0.2125
LOWW,40,40,1030,1300,39,0.7072033898305085
LOWW,40,40,820,900,9,0.44
LOWW,40,40,980,1030,39,0.7072033898305085
LOWW,40,40,360,460,19,0.5447916666666667
LOWW,41,41,860,965,85,0.4612385321100917
LOWW,41,41,965,1120,85,0.4612385321100917
LOWW,33,33,940,991,92,0.2123853211009174
LOWW,33,33,880,940,92,0.2123853211009174
LOWW,53,53,560,680,79,0.3095454545454545
LOWW,42,42,800,890,20,0.4260869565217391
LOWW,44,44,800,860,11,0.231578947368421
LPPT,35,35,520,600,75,0.1482000935016363
LPPT,46,46,740,980,80,0.0353514831369361
LPPT,35,35,380,520,75,0.1482000935016363
LPPT,35,35,840,920,29,0.6097308488612836
LPPT,35,35,1260,1380,51,0.6502557544757033
LPPT,35,35,1040,1140,8,0.3076923076923076
LPPT,46,46,680,740,80,0.0353514831369361
LPPT,45,45,700,960,99,-0.0177462289263531
LPPT,34,34,780,840,92,0.4880785413744741
LPPT,55,55,800,920,110,0.2411399342345634
LPPT,34,34,1320,1400,22,0.1001317523056654
LPPT,34,34,720,780,92,0.4880785413744741
LPPT,55,55,480,640,41,0.4623188405797101
LPPT,34,34,1240,1320,22,0.1001317523056654
LPPT,47,47,780,800,39,0.3630434782608695
LPPT,47,47,900,960,13,0.5217391304347826
LPPT,47,47,1080,1203,28,0.6482213438735177
LPPT,36,36,1260,1380,13,0.2924901185770751
LPPT,47,47,540,780,67,0.4239130434782608
LPPT,47,47,960,1080,23,0.5334448160535118
LPPT,47,47,800,900,39,0.3630434782608695
LPPT,36,36,960,1140,163,0.1925749454040103
LPPT,36,36,600,780,163,0.1925749454040103
LPPT,47,47,300,541,52,0.5241106719367589
LPPT,36,36,780,960,163,0.1925749454040103
LPPT,38,38,840,920,42,0.2190423775454044
LPPT,37,37,1320,1380,17,0.2189440993788819
LPPT,38,38,1320,1380,9,0.5601023017902813
LPPT,38,38,720,780,42,0.2190423775454044
LPPT,38,38,780,840,42,0.2190423775454044
LPPT,38,38,380,477,19,-0.1014492753623187
LPPT,37,37,930,1180,99,0.3218739467475565
LPPT,37,37,380,580,64,0.2458592132505176
LPPT,37,37,720,810,99,0.3218739467475565
LPPT,37,37,580,720,99,0.3218739467475565
LPPT,37,37,810,930,99,0.3218739467475565
LPPT,38,38,1260,1320,9,0.5601023017902813
LPPT,37,37,1240,1320,17,0.2189440993788819
LPPT,48,48,800,900,90,0.4879862700228832
LPPT,29,29,540,840,71,0.2658862876254181
LPPT,48,48,660,800,90,0.4879862700228832
LPPT,48,48,1260,1380,19,0.0402576489533011
LPPT,29,29,980,1100,18,0.3662714097496706
LPPT,56,56,1240,1340,17,0.1334332833583209
LPPT,48,48,380,460,15,-0.0916149068322981
LPPT,56,56,380,640,40,-0.4934782608695652
LPPT,29,29,1220,1370,27,0.2879227053140097
LPPT,39,39,1240,1260,32,0.4164759725400458
LPPT,49,49,1320,1400,27,0.3924485125858123
LPPT,49,49,1220,1320,27,0.3924485125858123
LPPT,49,49,500,900,122,0.2684973302822274
LPPT,30,30,1260,1380,20,-0.3548387096774193
LPPT,39,39,980,1080,29,0.247229326513214
LPPT,30,30,785,1020,47,0.3113810741687979
LPPT,39,39,680,780,122,0.134036532029843
LPPT,30,30,700,785,47,0.3113810741687979
LPPT,30,30,380,500,6,-0.0690537084398977
LPPT,49,49,360,500,122,0.2684973302822274
LPPT,39,39,1260,1380,32,0.4164759725400458
LPPT,51,51,540,620,29,0.1446124763705103
LPPT,50,50,720,940,53,0.5391304347826087
LPPT,50,50,380,480,47,0.461071789686552
LPPT,51,51,740,820,1,0.5652173913043478
LPPT,50,50,1220,1264,39,0.0579710144927535
LPPT,51,51,380,540,29,0.1446124763705103
LPPT,51,51,1240,1380,148,0.3346814964610717
LPPT,40,40,960,1140,27,0.2855731225296442
LPPT,41,41,360,520,42,0.0552104899930986
LPPT,40,40,1240,1320,11,0.3569794050343249
LPPT,41,41,840,1080,143,0.1444277861069465
LPPT,41,41,1240,1340,7,0.6086956521739131
LPPT,41,41,700,840,143,0.1444277861069465
LPPT,40,40,680,840,107,0.4607444479199249
LPPT,40,40,380,450,155,0.3023137554030002
LPPT,32,32,780,1140,172,0.109087348217783
LPPT,32,32,360,460,172,0.109087348217783
LPPT,32,32,660,700,172,0.109087348217783
LPPT,31,31,360,660,87,-0.323849104859335
LPPT,31,31,1020,1120,10,0.5246376811594203
LPPT,31,31,1260,1380,22,0.3842917251051893
LPPT,32,32,460,660,172,0.109087348217783
LPPT,32,32,700,780,172,0.109087348217783
LPPT,31,31,660,780,87,-0.323849104859335
LPPT,43,43,360,380,30,0.17896865520728
LPPT,43,43,380,460,30,0.17896865520728
LPPT,43,43,1220,1340,114,0.2989130434782608
LPPT,43,43,680,860,36,0.0330112721417069
LPPT,43,43,1020,1043,12,0.4619565217391304
LPPT,33,33,680,900,36,0.1177865612648222
LPPT,33,33,360,480,98,0.3402646502835538
LPPT,43,43,460,540,30,0.17896865520728
LPPT,52,52,1320,1380,21,0.0611045828437133
LPPT,52,52,680,820,19,0.2506393861892583
LPPT,52,52,980,1120,75,0.2777777777777778
LPPT,52,52,1240,1320,21,0.0611045828437133
LPPT,53,53,980,1160,23,0.4213438735177865
LPPT,53,53,380,505,14,0.4202898550724637
LPPT,54,54,1240,1320,37,0.2862318840579709
LPPT,53,53,540,640,24,0.4554865424430642
LPPT,54,54,680,960,79,-0.1286381602587136
LPPT,54,54,360,480,54,0.2572960095294818
LPPT,53,53,660,800,23,0.8217391304347825
LPPT,44,44,1200,1350,63,0.323671497584541
LPPT,42,42,590,710,19,0.4782608695652174
LPPT,42,42,940,1060,66,0.3864734299516908
LPPT,42,42,1060,1125,66,0.3864734299516908
LPPT,54,54,609,652,4,0.5108695652173914
LPPT,42,42,710,810,31,0.0754475703324807
LPPT,42,42,810,905,66,0.3864734299516908
LPPT,42,42,1380,1420,31,0.1702127659574468
LPPT,44,44,990,1140,63,0.323671497584541
LPPT,44,44,720,780,56,0.3534161490683229
LPPT,44,44,1350,1420,8,0.0483091787439613
LPPT,44,44,360,540,43,0.117456197274497
LPPT,42,42,360,520,13,0.5262368815592204
LPPT,44,44,780,840,56,0.3534161490683229
LPPT,44,44,600,720,7,0.6708074534161491
LPPT,42,42,1320,1380,31,0.1702127659574468
LPPT,42,42,1240,1320,31,0.1702127659574468
LPPT,44,44,1140,1200,63,0.323671497584541
LPPT,42,42,560,590,2,0.2717391304347826
LPPT,44,44,840,960,56,0.3534161490683229
LPPT,44,44,540,600,43,0.117456197274497
LPPT,42,42,905,940,66,0.3864734299516908
LSZH,35,35,1140,1260,15,0.5844594594594594
LSZH,35,35,480,540,84,0.4128260869565217
LSZH,35,35,800,920,96,0.1647727272727273
LSZH,35,35,540,600,84,0.4128260869565217
LSZH,46,46,820,900,98,0.5044573643410852
LSZH,34,34,540,600,37,0.3666666666666667
LSZH,34,34,801,960,129,0.523538961038961
LSZH,55,55,480,540,41,0.5270547945205479
LSZH,34,34,1075,1320,129,0.523538961038961
LSZH,55,55,540,600,41,0.5270547945205479
LSZH,34,34,780,801,129,0.523538961038961
LSZH,34,34,1020,1075,129,0.523538961038961
LSZH,34,34,480,540,37,0.3666666666666667
LSZH,55,55,345,420,29,0.6808333333333334
LSZH,34,34,960,1020,129,0.523538961038961
LSZH,47,47,480,540,52,0.1995967741935484
LSZH,47,47,540,600,52,0.1995967741935484
LSZH,36,36,810,900,14,0.3367647058823529
LSZH,47,47,600,620,52,0.1995967741935484
LSZH,36,36,480,540,37,0.2540816326530611
LSZH,36,36,540,600,37,0.2540816326530611
LSZH,36,36,1200,1280,7,0.6823529411764706
LSZH,38,38,780,840,150,0.190128205128205
LSZH,38,38,920,1140,150,0.190128205128205
LSZH,38,38,520,680,28,0.6453125
LSZH,38,38,840,920,150,0.190128205128205
LSZH,38,38,1140,1290,150,0.190128205128205
LSZH,37,37,380,420,19,0.278125
LSZH,37,37,460,490,50,0.5383333333333333
LSZH,37,37,340,380,19,0.278125
LSZH,38,38,480,520,28,0.6453125
LSZH,37,37,490,640,50,0.5383333333333333
LSZH,38,38,320,440,51,0.1657894736842104
LSZH,48,48,480,540,82,0.1483490566037735
LSZH,48,48,600,640,82,0.1483490566037735
LSZH,48,48,540,600,82,0.1483490566037735
LSZH,56,56,820,940,37,0.369811320754717
LSZH,56,56,345,420,30,0.2483333333333333
LSZH,29,29,345,420,21,0.3619565217391304
LSZH,30,30,1140,1260,39,0.2755434782608695
LSZH,49,49,540,600,56,0.1240506329113923
LSZH,39,39,480,700,103,-0.2082061068702289
LSZH,39,39,780,1000,59,0.0433823529411764
LSZH,39,39,1140,1180,15,0.5441666666666667
LSZH,49,49,480,540,56,0.1240506329113923
LSZH,49,49,600,620,56,0.1240506329113923
LSZH,30,30,540,600,46,0.3097222222222222
LSZH,30,30,480,540,46,0.3097222222222222
LSZH,49,49,820,880,77,0.2445
LSZH,51,51,480,540,27,0.4331395348837209
LSZH,50,50,800,880,26,0.4256944444444445
LSZH,50,50,540,600,66,0.5227528089887641
LSZH,50,50,480,540,66,0.5227528089887641
LSZH,51,51,540,600,27,0.4331395348837209
LSZH,40,40,870,1090,170,0.4261574074074074
LSZH,41,41,345,420,51,0.1851694915254237
LSZH,40,40,345,420,20,0.408695652173913
LSZH,41,41,780,1001,92,0.4910550458715595
LSZH,40,40,660,740,170,0.4261574074074074
LSZH,41,41,540,600,30,0.3511111111111111
LSZH,40,40,740,870,170,0.4261574074074074
LSZH,40,40,1090,1320,170,0.4261574074074074
LSZH,41,41,480,540,30,0.3511111111111111
LSZH,31,31,800,940,57,0.5258333333333334
LSZH,32,32,800,879,30,0.4386904761904762
LSZH,32,32,1120,1260,26,0.5280487804878049
LSZH,31,31,1101,1260,35,0.6459183673469389
LSZH,32,32,540,600,40,0.3512711864406779
LSZH,32,32,600,620,40,0.3512711864406779
LSZH,32,32,480,540,40,0.3512711864406779
LSZH,31,31,1020,1101,35,0.6459183673469389
LSZH,33,33,540,600,47,0.7347457627118643
LSZH,33,33,480,540,47,0.7347457627118643
LSZH,33,33,600,620,47,0.7347457627118643
LSZH,54,54,480,540,36,0.453125
LSZH,52,52,1140,1220,22,0.36328125
LSZH,54,54,820,960,112,0.0956140350877193
LSZH,53,53,480,540,27,0.5190789473684211
LSZH,54,54,540,600,36,0.453125
LSZH,54,54,600,620,36,0.453125
LSZH,53,53,540,580,27,0.5190789473684211
LSZH,53,53,820,900,59,-0.1265789473684209
LSZH,42,42,540,600,34,0.3268867924528302
LSZH,42,42,820,888,20,-0.0867647058823529
LSZH,44,44,480,540,47,0.4258333333333334
LSZH,44,44,540,600,47,0.4258333333333334
LSZH,44,44,600,620,47,0.4258333333333334
LSZH,44,44,820,920,24,-0.0804999999999999
LSZH,42,42,600,620,34,0.3268867924528302
LSZH,42,42,480,540,34,0.3268867924528302
LTFM,55,55,440,560,28,0.4316666666666666
LTFM,34,34,1140,1280,91,0.6571120689655172
LTFM,38,38,420,500,10,0.5444444444444445
LTFM,48,48,460,580,36,0.5410714285714285
LTFM,48,48,1140,1360,51,0.2904166666666666
LTFM,29,29,420,600,66,0.5557471264367816
LTFM,56,56,420,600,37,0.6143617021276595
LTFM,56,56,0,391,15,0.7463709677419355
LTFM,29,29,1140,1280,35,0.4696428571428571
LTFM,56,56,1140,1280,48,0.3831896551724137
LTFM,49,49,1140,1320,42,0.4922727272727273
LTFM,39,56,900,0,58,0.6224999999999999
LTFM,30,30,480,540,2,0.645
LTFM,49,49,420,540,25,0.3762820512820513
LTFM,30,30,1140,1260,34,0.4662499999999999
LTFM,49,49,840,1000,34,0.6104166666666666
LTFM,39,39,670,880,69,0.4533536585365853
LTFM,39,39,400,580,46,0.571875
LTFM,50,50,480,540,11,0.3041666666666667
LTFM,41,41,440,520,13,0.6659090909090909
LTFM,43,43,660,780,60,0.4713483146067416
LTFM,43,43,120,240,9,0.7384615384615385
LTFM,43,43,480,660,60,0.4713483146067416
LTFM,53,53,1140,1150,8,0.5333333333333333
LTFM,44,44,1200,1280,20,0.55
